INSERT INTO UNIDADES_MEDIDA(idUnidadeMedida, nomeCompleto, idUnidadeMedidaBase, valorEmRelacaoUnidadeBase) VALUES ('ha', 'hectares', null, 0.0);
INSERT INTO UNIDADES_MEDIDA(idUnidadeMedida, nomeCompleto, idUnidadeMedidaBase, valorEmRelacaoUnidadeBase) VALUES ('m2', 'metros quadrados', null, 0.0);
INSERT INTO UNIDADES_MEDIDA(idUnidadeMedida, nomeCompleto, idUnidadeMedidaBase, valorEmRelacaoUnidadeBase) VALUES ('m3', 'metros cubicos', null, 0.0);
INSERT INTO UNIDADES_MEDIDA(idUnidadeMedida, nomeCompleto, idUnidadeMedidaBase, valorEmRelacaoUnidadeBase) VALUES ('un', 'unidades', null, 0.0);
INSERT INTO UNIDADES_MEDIDA(idUnidadeMedida, nomeCompleto, idUnidadeMedidaBase, valorEmRelacaoUnidadeBase) VALUES ('kg', 'kilogramas', null, 0.0);
INSERT INTO UNIDADES_MEDIDA(idUnidadeMedida, nomeCompleto, idUnidadeMedidaBase, valorEmRelacaoUnidadeBase) VALUES ('m', 'metros', null, 0.0);
INSERT INTO UNIDADES_MEDIDA(idUnidadeMedida, nomeCompleto, idUnidadeMedidaBase, valorEmRelacaoUnidadeBase) VALUES ('g', 'gramas', null, 0.0);
INSERT INTO UNIDADES_MEDIDA(idUnidadeMedida, nomeCompleto, idUnidadeMedidaBase, valorEmRelacaoUnidadeBase) VALUES ('mes', 'mês', null, 0.0);
INSERT INTO UNIDADES_MEDIDA(idUnidadeMedida, nomeCompleto, idUnidadeMedidaBase, valorEmRelacaoUnidadeBase) VALUES ('dia', 'dia', null, 0.0);

INSERT INTO QUINTAS(idQuinta, nome) VALUES (0, 'default');

INSERT INTO ESPECIES_ANIMAIS(idEspecieAnimal, especie, nomeComum) VALUES (0, 'default', 'default');

INSERT INTO TIPO_EDIFICIOS(idTipoEdificio, nome) VALUES (0, 'default');
INSERT INTO TIPO_EDIFICIOS(idTipoEdificio, nome) VALUES (1, 'ARMAZÉM');
INSERT INTO TIPO_EDIFICIOS(idTipoEdificio, nome) VALUES (2, 'ESTÁBULO');
INSERT INTO TIPO_EDIFICIOS(idTipoEdificio, nome) VALUES (3, 'REGA');
INSERT INTO TIPO_EDIFICIOS(idTipoEdificio, nome) VALUES (4, 'GARAGEM');
INSERT INTO TIPO_EDIFICIOS(idTipoEdificio, nome) VALUES (5, 'MOINHO');

INSERT INTO EDIFICIOS(idEdificio, TIPOEDIFICIOID, QUINTAID, nome, area, UNIDADEMEDIDAID) VALUES (0, 0, 0, 'default', 0.0, 'm');
INSERT INTO EDIFICIOS(idEdificio, TIPOEDIFICIOID, QUINTAID, nome, area, UNIDADEMEDIDAID) VALUES (201, 1, 0, 'ESPIGUEIRO', 600.0, 'm2');
INSERT INTO EDIFICIOS(idEdificio, TIPOEDIFICIOID, QUINTAID, nome, area, UNIDADEMEDIDAID) VALUES (202, 1, 0, 'ARMAZÉM NOVO', 800.0, 'm2');
INSERT INTO EDIFICIOS(idEdificio, TIPOEDIFICIOID, QUINTAID, nome, area, UNIDADEMEDIDAID) VALUES (203, 4, 0, 'ARMAZÉM GRANDE', 900.0, 'm2');
INSERT INTO EDIFICIOS(idEdificio, TIPOEDIFICIOID, QUINTAID, nome, area, UNIDADEMEDIDAID) VALUES (250, 5, 0, 'MOINHO', 0.0, 'm');
INSERT INTO EDIFICIOS(idEdificio, TIPOEDIFICIOID, QUINTAID, nome, area, UNIDADEMEDIDAID) VALUES (301, 3, 0, 'TANQUE DO CAMPO GRANDE', 18.0, 'm3');
INSERT INTO EDIFICIOS(idEdificio, TIPOEDIFICIOID, QUINTAID, nome, area, UNIDADEMEDIDAID) VALUES (302, 3, 0, 'POÇO DA BOUÇA', 35.0, 'm3');

INSERT INTO ARMAZENS(EDIFICIOID, TIPOEDIFICIOID) VALUES (201, 1);
INSERT INTO ARMAZENS(EDIFICIOID, TIPOEDIFICIOID) VALUES (202, 1);

INSERT INTO SISTEMAS_REGA(EDIFICIOID, TIPOEDIFICIOID) VALUES (301, 3);
INSERT INTO SISTEMAS_REGA(EDIFICIOID, TIPOEDIFICIOID) VALUES (302, 3);

INSERT INTO GARAGENS(EDIFICIOID, TIPOEDIFICIOID) VALUES (203, 4);

INSERT INTO MOINHOS(EDIFICIOID, TIPOEDIFICIOID) VALUES (250, 5);

INSERT INTO PARCELAS(idParcela, QUINTAID, area, nome) VALUES (0, 0, 0.0, 'default');
INSERT INTO PARCELAS(idParcela, QUINTAID, area, nome) VALUES (101, 0, 1.2, 'CAMPO DA BOUÇA');
INSERT INTO PARCELAS(idParcela, QUINTAID, area, nome) VALUES (102, 0, 3.0, 'CAMPO GRANDE');
INSERT INTO PARCELAS(idParcela, QUINTAID, area, nome) VALUES (103, 0, 1.5, 'CAMPO DO POÇO');
INSERT INTO PARCELAS(idParcela, QUINTAID, area, nome) VALUES (104, 0, 0.8, 'LAMEIRO DA PONTE');
INSERT INTO PARCELAS(idParcela, QUINTAID, area, nome) VALUES (105, 0, 1.1, 'LAMEIRO DO MOINHO');
INSERT INTO PARCELAS(idParcela, QUINTAID, area, nome) VALUES (106, 0, 0.3, 'HORTA NOVA');
INSERT INTO PARCELAS(idParcela, QUINTAID, area, nome) VALUES (107, 0, 2.0, 'VINHA');

INSERT INTO TIPOS_CONSUMO(idTipoConsumo, nome) VALUES (0, 'default');

INSERT INTO ESPECIES_VEGETAIS(idEspecieVegetal, especie, nomeComum) VALUES (0, 'default', 'default');
INSERT INTO ESPECIES_VEGETAIS(idEspecieVegetal, especie, nomeComum) VALUES (1, 'PRUNUS DOMESTICA', 'AMEIXOEIRA');
INSERT INTO ESPECIES_VEGETAIS(idEspecieVegetal, especie, nomeComum) VALUES (2, 'PRUNUS ARMENIACA', 'DAMASQUEIRO');
INSERT INTO ESPECIES_VEGETAIS(idEspecieVegetal, especie, nomeComum) VALUES (3, 'MALUS DOMESTICA', 'MACIEIRA');
INSERT INTO ESPECIES_VEGETAIS(idEspecieVegetal, especie, nomeComum) VALUES (4, 'PYRUS PYRIFOLIA', 'PERA NASHI');
INSERT INTO ESPECIES_VEGETAIS(idEspecieVegetal, especie, nomeComum) VALUES (5, 'DAUCUS CAROTA SUBSP. SATIVUS', 'CENOURA');
INSERT INTO ESPECIES_VEGETAIS(idEspecieVegetal, especie, nomeComum) VALUES (6, 'LUPINUS LUTEUS', 'TREMOÇO');
INSERT INTO ESPECIES_VEGETAIS(idEspecieVegetal, especie, nomeComum) VALUES (7, 'LUPINUS ALBUS', 'TREMOÇO');
INSERT INTO ESPECIES_VEGETAIS(idEspecieVegetal, especie, nomeComum) VALUES (8, 'ZEA MAYS', 'MILHO');
INSERT INTO ESPECIES_VEGETAIS(idEspecieVegetal, especie, nomeComum) VALUES (9, 'BRASSICA RAPA', 'NABO GRELEIRO');
INSERT INTO ESPECIES_VEGETAIS(idEspecieVegetal, especie, nomeComum) VALUES (10, 'OLEA EUROPAEA', 'OLIVEIRA');
INSERT INTO ESPECIES_VEGETAIS(idEspecieVegetal, especie, nomeComum) VALUES (11, 'BRASSICA RAPA', 'NABO');
INSERT INTO ESPECIES_VEGETAIS(idEspecieVegetal, especie, nomeComum) VALUES (12, 'VITIS VINIFERA', 'VIDEIRA');

INSERT INTO TIPOS_CULTURA(idTipoCultura, nome) VALUES (0, 'default');
INSERT INTO TIPOS_CULTURA(idTipoCultura, nome) VALUES (1, 'PERMANENTE');
INSERT INTO TIPOS_CULTURA(idTipoCultura, nome) VALUES (2, 'TEMPORÁRIA');

INSERT INTO CULTURAS(idCultura, TIPOCULTURAID, ESPECIEVEGETALID, nome, nomeCompleto) VALUES (0, 0, 0, 'default', 'default');
INSERT INTO CULTURAS(idCultura, TIPOCULTURAID, ESPECIEVEGETALID, nome, nomeCompleto) VALUES (1, 1, 1, 'RAINHA CLAUDIA CARANGUEJEIRA', 'AMEIXOEIRA RAINHA CLAUDIA CARANGUEJEIRA');
INSERT INTO CULTURAS(idCultura, TIPOCULTURAID, ESPECIEVEGETALID, nome, nomeCompleto) VALUES (2, 1, 1, 'PRESIDENT', 'AMEIXOEIRA PRESIDENT');
INSERT INTO CULTURAS(idCultura, TIPOCULTURAID, ESPECIEVEGETALID, nome, nomeCompleto) VALUES (3, 1, 1, 'STANLEY', 'AMEIXOEIRA STANLEY');
INSERT INTO CULTURAS(idCultura, TIPOCULTURAID, ESPECIEVEGETALID, nome, nomeCompleto) VALUES (4, 1, 1, 'ANGELENO', 'AMEIXOEIRA ANGELENO');
INSERT INTO CULTURAS(idCultura, TIPOCULTURAID, ESPECIEVEGETALID, nome, nomeCompleto) VALUES (5, 1, 1, 'BLACK BEAUTY', 'AMEIXOEIRA BLACK BEAUTY');
INSERT INTO CULTURAS(idCultura, TIPOCULTURAID, ESPECIEVEGETALID, nome, nomeCompleto) VALUES (6, 1, 1, 'BLACK STAR', 'AMEIXOEIRA BLACK STAR');
INSERT INTO CULTURAS(idCultura, TIPOCULTURAID, ESPECIEVEGETALID, nome, nomeCompleto) VALUES (7, 1, 1, 'BLACK GOLD', 'AMEIXOEIRA BLACK GOLD');
INSERT INTO CULTURAS(idCultura, TIPOCULTURAID, ESPECIEVEGETALID, nome, nomeCompleto) VALUES (8, 1, 1, 'BLACK DIAMOND', 'AMEIXOEIRA BLACK DIAMOND');
INSERT INTO CULTURAS(idCultura, TIPOCULTURAID, ESPECIEVEGETALID, nome, nomeCompleto) VALUES (9, 1, 1, 'BLACK AMBER', 'AMEIXOEIRA BLACK AMBER');
INSERT INTO CULTURAS(idCultura, TIPOCULTURAID, ESPECIEVEGETALID, nome, nomeCompleto) VALUES (10, 1, 1, 'BLACK SPLENDOR', 'AMEIXOEIRA BLACK SPLENDOR');
INSERT INTO CULTURAS(idCultura, TIPOCULTURAID, ESPECIEVEGETALID, nome, nomeCompleto) VALUES (11, 1, 1, 'FORTUNA', 'AMEIXOEIRA FORTUNA');
INSERT INTO CULTURAS(idCultura, TIPOCULTURAID, ESPECIEVEGETALID, nome, nomeCompleto) VALUES (12, 1, 1, 'FRIAR', 'AMEIXOEIRA FRIAR');
INSERT INTO CULTURAS(idCultura, TIPOCULTURAID, ESPECIEVEGETALID, nome, nomeCompleto) VALUES (13, 1, 1, 'EL DORADO', 'AMEIXOEIRA EL DORADO');
INSERT INTO CULTURAS(idCultura, TIPOCULTURAID, ESPECIEVEGETALID, nome, nomeCompleto) VALUES (14, 1, 1, 'ELEPHANT HEART', 'AMEIXOEIRA ELEPHANT HEART');
INSERT INTO CULTURAS(idCultura, TIPOCULTURAID, ESPECIEVEGETALID, nome, nomeCompleto) VALUES (15, 1, 1, 'GOLDEN JAPAN', 'AMEIXOEIRA GOLDEN JAPAN');
INSERT INTO CULTURAS(idCultura, TIPOCULTURAID, ESPECIEVEGETALID, nome, nomeCompleto) VALUES (16, 1, 1, 'HARRY PITCHON', 'AMEIXOEIRA HARRY PITCHON');
INSERT INTO CULTURAS(idCultura, TIPOCULTURAID, ESPECIEVEGETALID, nome, nomeCompleto) VALUES (17, 1, 1, 'LAETITIA', 'AMEIXOEIRA LAETITIA');
INSERT INTO CULTURAS(idCultura, TIPOCULTURAID, ESPECIEVEGETALID, nome, nomeCompleto) VALUES (18, 1, 1, 'METLEY', 'AMEIXOEIRA METLEY');
INSERT INTO CULTURAS(idCultura, TIPOCULTURAID, ESPECIEVEGETALID, nome, nomeCompleto) VALUES (19, 1, 1, 'MIRABELLE DE NANCY', 'AMEIXOEIRA MIRABELLE DE NANCY');
INSERT INTO CULTURAS(idCultura, TIPOCULTURAID, ESPECIEVEGETALID, nome, nomeCompleto) VALUES (20, 1, 1, 'QUEEN ROSE', 'AMEIXOEIRA QUEEN ROSE');
INSERT INTO CULTURAS(idCultura, TIPOCULTURAID, ESPECIEVEGETALID, nome, nomeCompleto) VALUES (21, 1, 1, 'RED BEAUT', 'AMEIXOEIRA RED BEAUT');
INSERT INTO CULTURAS(idCultura, TIPOCULTURAID, ESPECIEVEGETALID, nome, nomeCompleto) VALUES (22, 1, 1, 'SANTA ROSA', 'AMEIXOEIRA SANTA ROSA');
INSERT INTO CULTURAS(idCultura, TIPOCULTURAID, ESPECIEVEGETALID, nome, nomeCompleto) VALUES (23, 1, 1, 'SHIRO', 'AMEIXOEIRA SHIRO');
INSERT INTO CULTURAS(idCultura, TIPOCULTURAID, ESPECIEVEGETALID, nome, nomeCompleto) VALUES (24, 1, 1, 'SUNGOLD', 'AMEIXOEIRA SUNGOLD');
INSERT INTO CULTURAS(idCultura, TIPOCULTURAID, ESPECIEVEGETALID, nome, nomeCompleto) VALUES (25, 1, 1, 'WILSON PERFECTION', 'AMEIXOEIRA WILSON PERFECTION');
INSERT INTO CULTURAS(idCultura, TIPOCULTURAID, ESPECIEVEGETALID, nome, nomeCompleto) VALUES (26, 1, 1, 'AUTUMN GIANT', 'AMEIXOEIRA AUTUMN GIANT');
INSERT INTO CULTURAS(idCultura, TIPOCULTURAID, ESPECIEVEGETALID, nome, nomeCompleto) VALUES (27, 1, 2, 'BULIDA', 'DAMASQUEIRO BULIDA');
INSERT INTO CULTURAS(idCultura, TIPOCULTURAID, ESPECIEVEGETALID, nome, nomeCompleto) VALUES (28, 1, 2, 'CANINO', 'DAMASQUEIRO CANINO');
INSERT INTO CULTURAS(idCultura, TIPOCULTURAID, ESPECIEVEGETALID, nome, nomeCompleto) VALUES (29, 1, 2, 'LIABAUD', 'DAMASQUEIRO LIABAUD');
INSERT INTO CULTURAS(idCultura, TIPOCULTURAID, ESPECIEVEGETALID, nome, nomeCompleto) VALUES (30, 1, 2, 'MAILLOT JAUNE', 'DAMASQUEIRO MAILLOT JAUNE');
INSERT INTO CULTURAS(idCultura, TIPOCULTURAID, ESPECIEVEGETALID, nome, nomeCompleto) VALUES (31, 1, 2, 'POLONAIS', 'DAMASQUEIRO POLONAIS');
INSERT INTO CULTURAS(idCultura, TIPOCULTURAID, ESPECIEVEGETALID, nome, nomeCompleto) VALUES (32, 1, 3, 'AKANE', 'MACIEIRA AKANE');
INSERT INTO CULTURAS(idCultura, TIPOCULTURAID, ESPECIEVEGETALID, nome, nomeCompleto) VALUES (33, 1, 3, 'BELGOLDEN', 'MACIEIRA BELGOLDEN');
INSERT INTO CULTURAS(idCultura, TIPOCULTURAID, ESPECIEVEGETALID, nome, nomeCompleto) VALUES (34, 1, 3, 'BRAVO DE ESMOLFE', 'MACIEIRA BRAVO DE ESMOLFE');
INSERT INTO CULTURAS(idCultura, TIPOCULTURAID, ESPECIEVEGETALID, nome, nomeCompleto) VALUES (35, 1, 3, 'CASA NOVA DE ALCOBAÇA', 'MACIEIRA CASA NOVA DE ALCOBAÇA');
INSERT INTO CULTURAS(idCultura, TIPOCULTURAID, ESPECIEVEGETALID, nome, nomeCompleto) VALUES (36, 1, 3, 'EROVAN', 'MACIEIRA EROVAN');
INSERT INTO CULTURAS(idCultura, TIPOCULTURAID, ESPECIEVEGETALID, nome, nomeCompleto) VALUES (37, 1, 3, 'FUJI', 'MACIEIRA FUJI');
INSERT INTO CULTURAS(idCultura, TIPOCULTURAID, ESPECIEVEGETALID, nome, nomeCompleto) VALUES (38, 1, 3, 'GRANNY SMITH', 'MACIEIRA GRANNY SMITH');
INSERT INTO CULTURAS(idCultura, TIPOCULTURAID, ESPECIEVEGETALID, nome, nomeCompleto) VALUES (39, 1, 3, 'GOLDEN DELICIOUS', 'MACIEIRA GOLDEN DELICIOUS');
INSERT INTO CULTURAS(idCultura, TIPOCULTURAID, ESPECIEVEGETALID, nome, nomeCompleto) VALUES (40, 1, 3, 'HI-EARLY', 'MACIEIRA HI-EARLY');
INSERT INTO CULTURAS(idCultura, TIPOCULTURAID, ESPECIEVEGETALID, nome, nomeCompleto) VALUES (41, 1, 3, 'JONAGORED', 'MACIEIRA JONAGORED');
INSERT INTO CULTURAS(idCultura, TIPOCULTURAID, ESPECIEVEGETALID, nome, nomeCompleto) VALUES (42, 1, 3, 'LYSGOLDEN', 'MACIEIRA LYSGOLDEN');
INSERT INTO CULTURAS(idCultura, TIPOCULTURAID, ESPECIEVEGETALID, nome, nomeCompleto) VALUES (43, 1, 3, 'MUTSU', 'MACIEIRA MUTSU');
INSERT INTO CULTURAS(idCultura, TIPOCULTURAID, ESPECIEVEGETALID, nome, nomeCompleto) VALUES (44, 1, 3, 'PORTA DA LOJA', 'MACIEIRA PORTA DA LOJA');
INSERT INTO CULTURAS(idCultura, TIPOCULTURAID, ESPECIEVEGETALID, nome, nomeCompleto) VALUES (45, 1, 3, 'REINETTE OU CANADA', 'MACIEIRA REINETTE OU CANADA');
INSERT INTO CULTURAS(idCultura, TIPOCULTURAID, ESPECIEVEGETALID, nome, nomeCompleto) VALUES (46, 1, 3, 'REINETTE OU GRAND FAY', 'MACIEIRA REINETTE OU GRAND FAY');
INSERT INTO CULTURAS(idCultura, TIPOCULTURAID, ESPECIEVEGETALID, nome, nomeCompleto) VALUES (47, 1, 3, 'RISCADINHA DE PALMELA', 'MACIEIRA RISCADINHA DE PALMELA');
INSERT INTO CULTURAS(idCultura, TIPOCULTURAID, ESPECIEVEGETALID, nome, nomeCompleto) VALUES (48, 1, 3, 'ROYAL GALA', 'MACIEIRA ROYAL GALA');
INSERT INTO CULTURAS(idCultura, TIPOCULTURAID, ESPECIEVEGETALID, nome, nomeCompleto) VALUES (49, 1, 3, 'REDCHIEF', 'MACIEIRA REDCHIEF');
INSERT INTO CULTURAS(idCultura, TIPOCULTURAID, ESPECIEVEGETALID, nome, nomeCompleto) VALUES (50, 1, 3, 'STARKING', 'MACIEIRA STARKING');
INSERT INTO CULTURAS(idCultura, TIPOCULTURAID, ESPECIEVEGETALID, nome, nomeCompleto) VALUES (51, 1, 3, 'SUMMER RED', 'MACIEIRA SUMMER RED');
INSERT INTO CULTURAS(idCultura, TIPOCULTURAID, ESPECIEVEGETALID, nome, nomeCompleto) VALUES (52, 1, 3, 'WELL''SPUR DELICIOUS', 'MACIEIRA WELL''SPUR DELICIOUS');
INSERT INTO CULTURAS(idCultura, TIPOCULTURAID, ESPECIEVEGETALID, nome, nomeCompleto) VALUES (53, 1, 3, 'NOIVA', 'MACIEIRA NOIVA');
INSERT INTO CULTURAS(idCultura, TIPOCULTURAID, ESPECIEVEGETALID, nome, nomeCompleto) VALUES (54, 1, 3, 'OLHO ABERTO', 'MACIEIRA OLHO ABERTO');
INSERT INTO CULTURAS(idCultura, TIPOCULTURAID, ESPECIEVEGETALID, nome, nomeCompleto) VALUES (55, 1, 3, 'CAMOESA ROSA', 'MACIEIRA CAMOESA ROSA');
INSERT INTO CULTURAS(idCultura, TIPOCULTURAID, ESPECIEVEGETALID, nome, nomeCompleto) VALUES (56, 1, 3, 'MALÁPIO', 'MACIEIRA MALÁPIO');
INSERT INTO CULTURAS(idCultura, TIPOCULTURAID, ESPECIEVEGETALID, nome, nomeCompleto) VALUES (57, 1, 3, 'GRONHO DOCE', 'MACIEIRA GRONHO DOCE');
INSERT INTO CULTURAS(idCultura, TIPOCULTURAID, ESPECIEVEGETALID, nome, nomeCompleto) VALUES (58, 1, 3, 'PÉ DE BOI ', 'MACIEIRA PÉ DE BOI ');
INSERT INTO CULTURAS(idCultura, TIPOCULTURAID, ESPECIEVEGETALID, nome, nomeCompleto) VALUES (59, 1, 3, 'PINOVA', 'MACIEIRA PINOVA');
INSERT INTO CULTURAS(idCultura, TIPOCULTURAID, ESPECIEVEGETALID, nome, nomeCompleto) VALUES (60, 1, 3, 'PARDO LINDO', 'MACIEIRA PARDO LINDO');
INSERT INTO CULTURAS(idCultura, TIPOCULTURAID, ESPECIEVEGETALID, nome, nomeCompleto) VALUES (61, 1, 3, 'PIPO DE BASTO', 'MACIEIRA PIPO DE BASTO');
INSERT INTO CULTURAS(idCultura, TIPOCULTURAID, ESPECIEVEGETALID, nome, nomeCompleto) VALUES (62, 1, 3, 'PRIMA', 'MACIEIRA PRIMA');
INSERT INTO CULTURAS(idCultura, TIPOCULTURAID, ESPECIEVEGETALID, nome, nomeCompleto) VALUES (63, 1, 3, 'QUERINA', 'MACIEIRA QUERINA');
INSERT INTO CULTURAS(idCultura, TIPOCULTURAID, ESPECIEVEGETALID, nome, nomeCompleto) VALUES (64, 1, 3, 'VISTA BELLA', 'MACIEIRA VISTA BELLA');
INSERT INTO CULTURAS(idCultura, TIPOCULTURAID, ESPECIEVEGETALID, nome, nomeCompleto) VALUES (65, 1, 3, 'GOLDEN SMOOTHEE', 'MACIEIRA GOLDEN SMOOTHEE');
INSERT INTO CULTURAS(idCultura, TIPOCULTURAID, ESPECIEVEGETALID, nome, nomeCompleto) VALUES (66, 1, 3, 'GOLDEN SUPREMA', 'MACIEIRA GOLDEN SUPREMA');
INSERT INTO CULTURAS(idCultura, TIPOCULTURAID, ESPECIEVEGETALID, nome, nomeCompleto) VALUES (67, 1, 3, 'GLOSTER 69', 'MACIEIRA GLOSTER 69');
INSERT INTO CULTURAS(idCultura, TIPOCULTURAID, ESPECIEVEGETALID, nome, nomeCompleto) VALUES (68, 1, 3, 'FREEDOM', 'MACIEIRA FREEDOM');
INSERT INTO CULTURAS(idCultura, TIPOCULTURAID, ESPECIEVEGETALID, nome, nomeCompleto) VALUES (69, 1, 4, 'SNINSEIKI', 'PERA NASHI SNINSEIKI');
INSERT INTO CULTURAS(idCultura, TIPOCULTURAID, ESPECIEVEGETALID, nome, nomeCompleto) VALUES (70, 1, 4, 'KUMOI', 'PERA NASHI KUMOI');
INSERT INTO CULTURAS(idCultura, TIPOCULTURAID, ESPECIEVEGETALID, nome, nomeCompleto) VALUES (71, 1, 4, 'HOSUI', 'PERA NASHI HOSUI');
INSERT INTO CULTURAS(idCultura, TIPOCULTURAID, ESPECIEVEGETALID, nome, nomeCompleto) VALUES (72, 1, 4, 'NIJISSEIKI', 'PERA NASHI NIJISSEIKI');
INSERT INTO CULTURAS(idCultura, TIPOCULTURAID, ESPECIEVEGETALID, nome, nomeCompleto) VALUES (73, 2, 5, 'CARSON HYBRID', 'CENOURA CARSON HYBRID');
INSERT INTO CULTURAS(idCultura, TIPOCULTURAID, ESPECIEVEGETALID, nome, nomeCompleto) VALUES (74, 2, 5, 'RED CORED CHANTENAY', 'CENOURA RED CORED CHANTENAY');
INSERT INTO CULTURAS(idCultura, TIPOCULTURAID, ESPECIEVEGETALID, nome, nomeCompleto) VALUES (75, 2, 5, 'DANVERS HALF LONG', 'CENOURA DANVERS HALF LONG');
INSERT INTO CULTURAS(idCultura, TIPOCULTURAID, ESPECIEVEGETALID, nome, nomeCompleto) VALUES (76, 2, 5, 'IMPERATOR 58', 'CENOURA IMPERATOR 58');
INSERT INTO CULTURAS(idCultura, TIPOCULTURAID, ESPECIEVEGETALID, nome, nomeCompleto) VALUES (77, 2, 5, 'SUGARSNAX HYBRID', 'CENOURA SUGARSNAX HYBRID');
INSERT INTO CULTURAS(idCultura, TIPOCULTURAID, ESPECIEVEGETALID, nome, nomeCompleto) VALUES (78, 2, 5, 'NELSON HYBRID', 'CENOURA NELSON HYBRID');
INSERT INTO CULTURAS(idCultura, TIPOCULTURAID, ESPECIEVEGETALID, nome, nomeCompleto) VALUES (79, 2, 5, 'SCARLET NANTES', 'CENOURA SCARLET NANTES');
INSERT INTO CULTURAS(idCultura, TIPOCULTURAID, ESPECIEVEGETALID, nome, nomeCompleto) VALUES (80, 2, 6, 'AMARELO', 'TREMOÇO AMARELO');
INSERT INTO CULTURAS(idCultura, TIPOCULTURAID, ESPECIEVEGETALID, nome, nomeCompleto) VALUES (81, 2, 7, 'BRANCO', 'TREMOÇO BRANCO');
INSERT INTO CULTURAS(idCultura, TIPOCULTURAID, ESPECIEVEGETALID, nome, nomeCompleto) VALUES (82, 2, 8, 'MAS 24.C', 'MILHO MAS 24.C');
INSERT INTO CULTURAS(idCultura, TIPOCULTURAID, ESPECIEVEGETALID, nome, nomeCompleto) VALUES (83, 2, 8, 'DOCE GOLDEN BANTAM', 'MILHO DOCE GOLDEN BANTAM');
INSERT INTO CULTURAS(idCultura, TIPOCULTURAID, ESPECIEVEGETALID, nome, nomeCompleto) VALUES (84, 2, 9, 'SENHORA CONCEIÇÃO', 'NABO GRELEIRO SENHORA CONCEIÇÃO');
INSERT INTO CULTURAS(idCultura, TIPOCULTURAID, ESPECIEVEGETALID, nome, nomeCompleto) VALUES (85, 1, 10, 'COBRANÇOSA', 'OLIVEIRA COBRANÇOSA');
INSERT INTO CULTURAS(idCultura, TIPOCULTURAID, ESPECIEVEGETALID, nome, nomeCompleto) VALUES (86, 1, 10, 'ARBEQUINA', 'OLIVEIRA ARBEQUINA');
INSERT INTO CULTURAS(idCultura, TIPOCULTURAID, ESPECIEVEGETALID, nome, nomeCompleto) VALUES (87, 1, 10, 'HOJIBLANCA', 'OLIVEIRA HOJIBLANCA');
INSERT INTO CULTURAS(idCultura, TIPOCULTURAID, ESPECIEVEGETALID, nome, nomeCompleto) VALUES (88, 1, 10, 'NEGRINHA DO FREIXO', 'OLIVEIRA NEGRINHA DO FREIXO');
INSERT INTO CULTURAS(idCultura, TIPOCULTURAID, ESPECIEVEGETALID, nome, nomeCompleto) VALUES (89, 1, 10, 'PICUAL', 'OLIVEIRA PICUAL');
INSERT INTO CULTURAS(idCultura, TIPOCULTURAID, ESPECIEVEGETALID, nome, nomeCompleto) VALUES (90, 1, 10, 'MAÇANILHA', 'OLIVEIRA MAÇANILHA');
INSERT INTO CULTURAS(idCultura, TIPOCULTURAID, ESPECIEVEGETALID, nome, nomeCompleto) VALUES (91, 1, 10, 'CONSERVA DE ELVAS', 'OLIVEIRA CONSERVA DE ELVAS');
INSERT INTO CULTURAS(idCultura, TIPOCULTURAID, ESPECIEVEGETALID, nome, nomeCompleto) VALUES (92, 1, 10, 'GALEGA', 'OLIVEIRA GALEGA');
INSERT INTO CULTURAS(idCultura, TIPOCULTURAID, ESPECIEVEGETALID, nome, nomeCompleto) VALUES (93, 2, 9, 'S. COSME', 'NABO S. COSME');
INSERT INTO CULTURAS(idCultura, TIPOCULTURAID, ESPECIEVEGETALID, nome, nomeCompleto) VALUES (94, 1, 12, 'DONA MARIA', 'VIDEIRA DONA MARIA');
INSERT INTO CULTURAS(idCultura, TIPOCULTURAID, ESPECIEVEGETALID, nome, nomeCompleto) VALUES (95, 1, 12, 'CARDINAL', 'VIDEIRA CARDINAL');

INSERT INTO PRODUTOS(TIPOCONSUMOID, CULTURASID) VALUES (0, 0);

INSERT INTO CULTIVOS(idCultivo, PARCELAID, CULTURAID) VALUES (0, 0, 0);
INSERT INTO CULTIVOS(idCultivo, PARCELAID, CULTURAID, data_inicio, data_fim, quantidade, UNIDADESMEDIDAID) VALUES (1, 101, 80, TO_DATE('2020-10-10', 'YYYY-MM-DD'), TO_DATE('2021-03-30', 'YYYY-MM-DD'), 1.1, 'ha');
INSERT INTO CULTIVOS(idCultivo, PARCELAID, CULTURAID, data_inicio, data_fim, quantidade, UNIDADESMEDIDAID) VALUES (2, 101, 83, TO_DATE('2021-04-10', 'YYYY-MM-DD'), TO_DATE('2021-08-12', 'YYYY-MM-DD'), 0.9, 'ha');
INSERT INTO CULTIVOS(idCultivo, PARCELAID, CULTURAID, data_inicio, data_fim, quantidade, UNIDADESMEDIDAID) VALUES (3, 101, 80, TO_DATE('2021-10-03', 'YYYY-MM-DD'), TO_DATE('2022-04-05', 'YYYY-MM-DD'), 1.1, 'ha');
INSERT INTO CULTIVOS(idCultivo, PARCELAID, CULTURAID, data_inicio, data_fim, quantidade, UNIDADESMEDIDAID) VALUES (4, 101, 83, TO_DATE('2022-04-15', 'YYYY-MM-DD'), TO_DATE('2022-08-21', 'YYYY-MM-DD'), 0.9, 'ha');
INSERT INTO CULTIVOS(idCultivo, PARCELAID, CULTURAID, data_inicio, data_fim, quantidade, UNIDADESMEDIDAID) VALUES (5, 103, 82, TO_DATE('2020-04-05', 'YYYY-MM-DD'), TO_DATE('2020-08-20', 'YYYY-MM-DD'), 1.2, 'ha');
INSERT INTO CULTIVOS(idCultivo, PARCELAID, CULTURAID, data_inicio, data_fim, quantidade, UNIDADESMEDIDAID) VALUES (6, 103, 80, TO_DATE('2020-10-12', 'YYYY-MM-DD'), TO_DATE('2021-03-15', 'YYYY-MM-DD'), 1.3, 'ha');
INSERT INTO CULTIVOS(idCultivo, PARCELAID, CULTURAID, data_inicio, data_fim, quantidade, UNIDADESMEDIDAID) VALUES (7, 103, 82, TO_DATE('2021-04-03', 'YYYY-MM-DD'), TO_DATE('2021-08-25', 'YYYY-MM-DD'), 1.2, 'ha');
INSERT INTO CULTIVOS(idCultivo, PARCELAID, CULTURAID, data_inicio, data_fim, quantidade, UNIDADESMEDIDAID) VALUES (8, 103, 80, TO_DATE('2021-10-06', 'YYYY-MM-DD'), TO_DATE('2022-03-19', 'YYYY-MM-DD'), 1.3, 'ha');
INSERT INTO CULTIVOS(idCultivo, PARCELAID, CULTURAID, data_inicio, data_fim, quantidade, UNIDADESMEDIDAID) VALUES (9, 103, 82, TO_DATE('2022-04-08', 'YYYY-MM-DD'), TO_DATE('2022-08-18', 'YYYY-MM-DD'), 1.2, 'ha');
INSERT INTO CULTIVOS(idCultivo, PARCELAID, CULTURAID, data_inicio, data_fim, quantidade, UNIDADESMEDIDAID) VALUES (10, 103, 80, TO_DATE('2022-10-12', 'YYYY-MM-DD'), TO_DATE('2023-03-20', 'YYYY-MM-DD'), 1.3, 'ha');
INSERT INTO CULTIVOS(idCultivo, PARCELAID, CULTURAID, data_inicio, quantidade, UNIDADESMEDIDAID) VALUES (11, 102, 92, TO_DATE('2016-10-06', 'YYYY-MM-DD'), 30.0, 'un');
INSERT INTO CULTIVOS(idCultivo, PARCELAID, CULTURAID, data_inicio, quantidade, UNIDADESMEDIDAID) VALUES (12, 102, 89, TO_DATE('2016-10-10', 'YYYY-MM-DD'), 20.0, 'un');
INSERT INTO CULTIVOS(idCultivo, PARCELAID, CULTURAID, data_inicio, data_fim, quantidade, UNIDADESMEDIDAID) VALUES (13, 106, 79, TO_DATE('2020-03-10', 'YYYY-MM-DD'), TO_DATE('2020-05-15', 'YYYY-MM-DD'), 0.15, 'ha');
INSERT INTO CULTIVOS(idCultivo, PARCELAID, CULTURAID, data_inicio, data_fim, quantidade, UNIDADESMEDIDAID) VALUES (14, 106, 78, TO_DATE('2020-06-02', 'YYYY-MM-DD'), TO_DATE('2020-09-08', 'YYYY-MM-DD'), 0.1, 'ha');
INSERT INTO CULTIVOS(idCultivo, PARCELAID, CULTURAID, data_inicio, data_fim, quantidade, UNIDADESMEDIDAID) VALUES (15, 106, 93, TO_DATE('2020-09-20', 'YYYY-MM-DD'), TO_DATE('2021-01-10', 'YYYY-MM-DD'), 0.2, 'ha');
INSERT INTO CULTIVOS(idCultivo, PARCELAID, CULTURAID, data_inicio, data_fim, quantidade, UNIDADESMEDIDAID) VALUES (16, 106, 77, TO_DATE('2021-03-10', 'YYYY-MM-DD'), TO_DATE('2021-05-15', 'YYYY-MM-DD'), 0.15, 'ha');
INSERT INTO CULTIVOS(idCultivo, PARCELAID, CULTURAID, data_inicio, data_fim, quantidade, UNIDADESMEDIDAID) VALUES (17, 106, 75, TO_DATE('2021-06-02', 'YYYY-MM-DD'), TO_DATE('2021-09-08', 'YYYY-MM-DD'), 0.1, 'ha');
INSERT INTO CULTIVOS(idCultivo, PARCELAID, CULTURAID, data_inicio, data_fim, quantidade, UNIDADESMEDIDAID) VALUES (18, 106, 93, TO_DATE('2021-09-20', 'YYYY-MM-DD'), TO_DATE('2022-01-10', 'YYYY-MM-DD'), 0.2, 'ha');
INSERT INTO CULTIVOS(idCultivo, PARCELAID, CULTURAID, data_inicio, data_fim, quantidade, UNIDADESMEDIDAID) VALUES (19, 106, 77, TO_DATE('2022-03-06', 'YYYY-MM-DD'), TO_DATE('2022-05-16', 'YYYY-MM-DD'), 0.15, 'ha');
INSERT INTO CULTIVOS(idCultivo, PARCELAID, CULTURAID, data_inicio, data_fim, quantidade, UNIDADESMEDIDAID) VALUES (20, 106, 78, TO_DATE('2022-05-30', 'YYYY-MM-DD'), TO_DATE('2022-09-05', 'YYYY-MM-DD'), 0.15, 'ha');
INSERT INTO CULTIVOS(idCultivo, PARCELAID, CULTURAID, data_inicio, data_fim, quantidade, UNIDADESMEDIDAID) VALUES (21, 106, 84, TO_DATE('2022-09-20', 'YYYY-MM-DD'), TO_DATE('2023-01-14', 'YYYY-MM-DD'), 0.25, 'ha');
INSERT INTO CULTIVOS(idCultivo, PARCELAID, CULTURAID, data_inicio, quantidade, UNIDADESMEDIDAID) VALUES (22, 104, 41, TO_DATE('2017-01-07', 'YYYY-MM-DD'), 90.0, 'un');
INSERT INTO CULTIVOS(idCultivo, PARCELAID, CULTURAID, data_inicio, quantidade, UNIDADESMEDIDAID) VALUES (23, 104, 37, TO_DATE('2017-01-08', 'YYYY-MM-DD'), 60.0, 'un');
INSERT INTO CULTIVOS(idCultivo, PARCELAID, CULTURAID, data_inicio, quantidade, UNIDADESMEDIDAID) VALUES (24, 104, 48, TO_DATE('2017-01-08', 'YYYY-MM-DD'), 40.0, 'un');
INSERT INTO CULTIVOS(idCultivo, PARCELAID, CULTURAID, data_inicio, quantidade, UNIDADESMEDIDAID) VALUES (25, 104, 48, TO_DATE('2018-12-10', 'YYYY-MM-DD'), 30.0, 'un');
INSERT INTO CULTIVOS(idCultivo, PARCELAID, CULTURAID, data_inicio, quantidade, UNIDADESMEDIDAID) VALUES (26, 107, 94, TO_DATE('2018-01-10', 'YYYY-MM-DD'), 500.0, 'un');
INSERT INTO CULTIVOS(idCultivo, PARCELAID, CULTURAID, data_inicio, quantidade, UNIDADESMEDIDAID) VALUES (27, 107, 95, TO_DATE('2018-01-11', 'YYYY-MM-DD'), 700.0, 'un');

INSERT INTO TIPOS_OPERACOES(idTipoOperacao, nome, modo) VALUES (0, 'default', 'default');
INSERT INTO TIPOS_OPERACOES(idTipoOperacao, nome, modo) VALUES (1, 'PLANTAÇÃO', 'NA');
INSERT INTO TIPOS_OPERACOES(idTipoOperacao, nome, modo) VALUES (2, 'REGA', 'NA');
INSERT INTO TIPOS_OPERACOES(idTipoOperacao, nome, modo) VALUES (3, 'PODA', 'NA');
INSERT INTO TIPOS_OPERACOES(idTipoOperacao, nome, modo) VALUES (4, 'FATOR PRODUÇÃO', 'SOLO');
INSERT INTO TIPOS_OPERACOES(idTipoOperacao, nome, modo) VALUES (5, 'FATOR PRODUÇÃO', 'NA');
INSERT INTO TIPOS_OPERACOES(idTipoOperacao, nome, modo) VALUES (6, 'SEMENTEIRA', 'NA');
INSERT INTO TIPOS_OPERACOES(idTipoOperacao, nome, modo) VALUES (7, 'COLHEITA', 'NA');
INSERT INTO TIPOS_OPERACOES(idTipoOperacao, nome, modo) VALUES (8, 'INCORPORAÇÃO NO SOLO', 'NA');
INSERT INTO TIPOS_OPERACOES(idTipoOperacao, nome, modo) VALUES (9, 'FATOR PRODUÇÃO', 'FOLIAR');
INSERT INTO TIPOS_OPERACOES(idTipoOperacao, nome, modo) VALUES (10, 'FLORAÇÃO', 'null');

INSERT INTO OPERACOES(idOperacao, CULTIVOSID, TIPOOPERACAOID) VALUES (0, 0, 0);
INSERT INTO OPERACOES(idOperacao, CULTIVOSID, TIPOOPERACAOID, data, quantidade, UNIDADEMEDIDAID) VALUES (1, 11, 1, TO_DATE('2016-10-06', 'YYYY-MM-DD'), 30, 'un');
INSERT INTO OPERACOES(idOperacao, CULTIVOSID, TIPOOPERACAOID, data, quantidade, UNIDADEMEDIDAID) VALUES (2, 12, 1, TO_DATE('2016-10-10', 'YYYY-MM-DD'), 20, 'un');
INSERT INTO OPERACOES(idOperacao, CULTIVOSID, TIPOOPERACAOID, data, quantidade, UNIDADEMEDIDAID) VALUES (3, 22, 1, TO_DATE('2017-01-07', 'YYYY-MM-DD'), 90, 'un');
INSERT INTO OPERACOES(idOperacao, CULTIVOSID, TIPOOPERACAOID, data, quantidade, UNIDADEMEDIDAID) VALUES (4, 23, 1, TO_DATE('2017-01-08', 'YYYY-MM-DD'), 60, 'un');
INSERT INTO OPERACOES(idOperacao, CULTIVOSID, TIPOOPERACAOID, data, quantidade, UNIDADEMEDIDAID) VALUES (5, 24, 1, TO_DATE('2017-01-08', 'YYYY-MM-DD'), 40, 'un');
INSERT INTO OPERACOES(idOperacao, CULTIVOSID, TIPOOPERACAOID, data, quantidade, UNIDADEMEDIDAID) VALUES (6, 12, 2, TO_DATE('2017-07-03', 'YYYY-MM-DD'), 0, 'm3');
INSERT INTO OPERACOES(idOperacao, CULTIVOSID, TIPOOPERACAOID, data, quantidade, UNIDADEMEDIDAID) VALUES (7, 11, 2, TO_DATE('2017-07-03', 'YYYY-MM-DD'), 0, 'm3');
INSERT INTO OPERACOES(idOperacao, CULTIVOSID, TIPOOPERACAOID, data, quantidade, UNIDADEMEDIDAID) VALUES (8, 0, 2, TO_DATE('2017-07-10', 'YYYY-MM-DD'), 3, 'm3');
INSERT INTO OPERACOES(idOperacao, CULTIVOSID, TIPOOPERACAOID, data, quantidade, UNIDADEMEDIDAID) VALUES (9, 12, 2, TO_DATE('2017-08-10', 'YYYY-MM-DD'), 0, 'm3');
INSERT INTO OPERACOES(idOperacao, CULTIVOSID, TIPOOPERACAOID, data, quantidade, UNIDADEMEDIDAID) VALUES (10, 11, 2, TO_DATE('2017-08-10', 'YYYY-MM-DD'), 0, 'm3');
INSERT INTO OPERACOES(idOperacao, CULTIVOSID, TIPOOPERACAOID, data, quantidade, UNIDADEMEDIDAID) VALUES (11, 0, 2, TO_DATE('2017-08-10', 'YYYY-MM-DD'), 3, 'm3');
INSERT INTO OPERACOES(idOperacao, CULTIVOSID, TIPOOPERACAOID, data, quantidade, UNIDADEMEDIDAID) VALUES (12, 0, 2, TO_DATE('2017-09-10', 'YYYY-MM-DD'), 3, 'm3');
INSERT INTO OPERACOES(idOperacao, CULTIVOSID, TIPOOPERACAOID, data, quantidade, UNIDADEMEDIDAID) VALUES (13, 11, 3, TO_DATE('2017-11-04', 'YYYY-MM-DD'), 30, 'un');
INSERT INTO OPERACOES(idOperacao, CULTIVOSID, TIPOOPERACAOID, data, quantidade, UNIDADEMEDIDAID) VALUES (14, 12, 3, TO_DATE('2017-11-04', 'YYYY-MM-DD'), 20, 'un');
INSERT INTO OPERACOES(idOperacao, CULTIVOSID, TIPOOPERACAOID, data, quantidade, UNIDADEMEDIDAID) VALUES (15, 11, 4, TO_DATE('2017-12-10', 'YYYY-MM-DD'), 15, 'kg');
INSERT INTO OPERACOES(idOperacao, CULTIVOSID, TIPOOPERACAOID, data, quantidade, UNIDADEMEDIDAID) VALUES (16, 12, 4, TO_DATE('2017-12-10', 'YYYY-MM-DD'), 10, 'kg');
INSERT INTO OPERACOES(idOperacao, CULTIVOSID, TIPOOPERACAOID, data, quantidade, UNIDADEMEDIDAID) VALUES (17, 22, 3, TO_DATE('2018-01-07', 'YYYY-MM-DD'), 90, 'un');
INSERT INTO OPERACOES(idOperacao, CULTIVOSID, TIPOOPERACAOID, data, quantidade, UNIDADEMEDIDAID) VALUES (18, 23, 3, TO_DATE('2018-01-08', 'YYYY-MM-DD'), 60, 'un');
INSERT INTO OPERACOES(idOperacao, CULTIVOSID, TIPOOPERACAOID, data, quantidade, UNIDADEMEDIDAID) VALUES (19, 24, 3, TO_DATE('2018-01-08', 'YYYY-MM-DD'), 40, 'un');
INSERT INTO OPERACOES(idOperacao, CULTIVOSID, TIPOOPERACAOID, data, quantidade, UNIDADEMEDIDAID) VALUES (20, 26, 1, TO_DATE('2018-01-10', 'YYYY-MM-DD'), 500, 'un');
INSERT INTO OPERACOES(idOperacao, CULTIVOSID, TIPOOPERACAOID, data, quantidade, UNIDADEMEDIDAID) VALUES (21, 27, 1, TO_DATE('2018-01-11', 'YYYY-MM-DD'), 700, 'un');
INSERT INTO OPERACOES(idOperacao, CULTIVOSID, TIPOOPERACAOID, data, quantidade, UNIDADEMEDIDAID) VALUES (22, 22, 4, TO_DATE('2018-02-06', 'YYYY-MM-DD'), 10, 'kg');
INSERT INTO OPERACOES(idOperacao, CULTIVOSID, TIPOOPERACAOID, data, quantidade, UNIDADEMEDIDAID) VALUES (23, 23, 4, TO_DATE('2018-02-06', 'YYYY-MM-DD'), 6, 'kg');
INSERT INTO OPERACOES(idOperacao, CULTIVOSID, TIPOOPERACAOID, data, quantidade, UNIDADEMEDIDAID) VALUES (24, 24, 4, TO_DATE('2018-02-06', 'YYYY-MM-DD'), 5, 'kg');
INSERT INTO OPERACOES(idOperacao, CULTIVOSID, TIPOOPERACAOID, data, quantidade, UNIDADEMEDIDAID) VALUES (25, 12, 2, TO_DATE('2018-07-03', 'YYYY-MM-DD'), 1, 'm3');
INSERT INTO OPERACOES(idOperacao, CULTIVOSID, TIPOOPERACAOID, data, quantidade, UNIDADEMEDIDAID) VALUES (26, 11, 2, TO_DATE('2018-07-03', 'YYYY-MM-DD'), 1, 'm3');
INSERT INTO OPERACOES(idOperacao, CULTIVOSID, TIPOOPERACAOID, data, quantidade, UNIDADEMEDIDAID) VALUES (27, 0, 2, TO_DATE('2018-07-10', 'YYYY-MM-DD'), 3, 'm3');
INSERT INTO OPERACOES(idOperacao, CULTIVOSID, TIPOOPERACAOID, data, quantidade, UNIDADEMEDIDAID) VALUES (28, 0, 2, TO_DATE('2018-07-10', 'YYYY-MM-DD'), 6, 'm3');
INSERT INTO OPERACOES(idOperacao, CULTIVOSID, TIPOOPERACAOID, data, quantidade, UNIDADEMEDIDAID) VALUES (29, 12, 2, TO_DATE('2018-08-10', 'YYYY-MM-DD'), 1, 'm3');
INSERT INTO OPERACOES(idOperacao, CULTIVOSID, TIPOOPERACAOID, data, quantidade, UNIDADEMEDIDAID) VALUES (30, 11, 2, TO_DATE('2018-08-10', 'YYYY-MM-DD'), 1, 'm3');
INSERT INTO OPERACOES(idOperacao, CULTIVOSID, TIPOOPERACAOID, data, quantidade, UNIDADEMEDIDAID) VALUES (31, 0, 2, TO_DATE('2018-08-10', 'YYYY-MM-DD'), 4, 'm3');
INSERT INTO OPERACOES(idOperacao, CULTIVOSID, TIPOOPERACAOID, data, quantidade, UNIDADEMEDIDAID) VALUES (32, 0, 2, TO_DATE('2018-08-11', 'YYYY-MM-DD'), 7, 'm3');
INSERT INTO OPERACOES(idOperacao, CULTIVOSID, TIPOOPERACAOID, data, quantidade, UNIDADEMEDIDAID) VALUES (33, 0, 2, TO_DATE('2018-09-02', 'YYYY-MM-DD'), 4, 'm3');
INSERT INTO OPERACOES(idOperacao, CULTIVOSID, TIPOOPERACAOID, data, quantidade, UNIDADEMEDIDAID) VALUES (34, 0, 2, TO_DATE('2018-09-10', 'YYYY-MM-DD'), 4, 'm3');
INSERT INTO OPERACOES(idOperacao, CULTIVOSID, TIPOOPERACAOID, data, quantidade, UNIDADEMEDIDAID) VALUES (35, 11, 3, TO_DATE('2018-11-17', 'YYYY-MM-DD'), 30, 'un');
INSERT INTO OPERACOES(idOperacao, CULTIVOSID, TIPOOPERACAOID, data, quantidade, UNIDADEMEDIDAID) VALUES (36, 12, 3, TO_DATE('2018-11-17', 'YYYY-MM-DD'), 20, 'un');
INSERT INTO OPERACOES(idOperacao, CULTIVOSID, TIPOOPERACAOID, data, quantidade, UNIDADEMEDIDAID) VALUES (37, 24, 1, TO_DATE('2018-12-10', 'YYYY-MM-DD'), 30, 'un');
INSERT INTO OPERACOES(idOperacao, CULTIVOSID, TIPOOPERACAOID, data, quantidade, UNIDADEMEDIDAID) VALUES (38, 26, 3, TO_DATE('2018-12-16', 'YYYY-MM-DD'), 500, 'un');
INSERT INTO OPERACOES(idOperacao, CULTIVOSID, TIPOOPERACAOID, data, quantidade, UNIDADEMEDIDAID) VALUES (39, 27, 3, TO_DATE('2018-12-18', 'YYYY-MM-DD'), 700, 'un');
INSERT INTO OPERACOES(idOperacao, CULTIVOSID, TIPOOPERACAOID, data, quantidade, UNIDADEMEDIDAID) VALUES (40, 22, 3, TO_DATE('2019-01-07', 'YYYY-MM-DD'), 90, 'un');
INSERT INTO OPERACOES(idOperacao, CULTIVOSID, TIPOOPERACAOID, data, quantidade, UNIDADEMEDIDAID) VALUES (41, 23, 3, TO_DATE('2019-01-08', 'YYYY-MM-DD'), 60, 'un');
INSERT INTO OPERACOES(idOperacao, CULTIVOSID, TIPOOPERACAOID, data, quantidade, UNIDADEMEDIDAID) VALUES (42, 24, 3, TO_DATE('2019-01-08', 'YYYY-MM-DD'), 40, 'un');
INSERT INTO OPERACOES(idOperacao, CULTIVOSID, TIPOOPERACAOID, data, quantidade, UNIDADEMEDIDAID) VALUES (43, 26, 5, TO_DATE('2019-01-20', 'YYYY-MM-DD'), 2, 'kg');
INSERT INTO OPERACOES(idOperacao, CULTIVOSID, TIPOOPERACAOID, data, quantidade, UNIDADEMEDIDAID) VALUES (44, 27, 5, TO_DATE('2019-01-20', 'YYYY-MM-DD'), 2, 'kg');
INSERT INTO OPERACOES(idOperacao, CULTIVOSID, TIPOOPERACAOID, data, quantidade, UNIDADEMEDIDAID) VALUES (45, 22, 4, TO_DATE('2019-02-06', 'YYYY-MM-DD'), 10, 'kg');
INSERT INTO OPERACOES(idOperacao, CULTIVOSID, TIPOOPERACAOID, data, quantidade, UNIDADEMEDIDAID) VALUES (46, 23, 4, TO_DATE('2019-02-06', 'YYYY-MM-DD'), 5, 'kg');
INSERT INTO OPERACOES(idOperacao, CULTIVOSID, TIPOOPERACAOID, data, quantidade, UNIDADEMEDIDAID) VALUES (47, 24, 4, TO_DATE('2019-02-06', 'YYYY-MM-DD'), 7, 'kg');
INSERT INTO OPERACOES(idOperacao, CULTIVOSID, TIPOOPERACAOID, data, quantidade, UNIDADEMEDIDAID) VALUES (48, 12, 2, TO_DATE('2019-07-03', 'YYYY-MM-DD'), 1, 'm3');
INSERT INTO OPERACOES(idOperacao, CULTIVOSID, TIPOOPERACAOID, data, quantidade, UNIDADEMEDIDAID) VALUES (49, 11, 2, TO_DATE('2019-07-03', 'YYYY-MM-DD'), 1, 'm3');
INSERT INTO OPERACOES(idOperacao, CULTIVOSID, TIPOOPERACAOID, data, quantidade, UNIDADEMEDIDAID) VALUES (50, 0, 2, TO_DATE('2019-07-03', 'YYYY-MM-DD'), 4, 'm3');
INSERT INTO OPERACOES(idOperacao, CULTIVOSID, TIPOOPERACAOID, data, quantidade, UNIDADEMEDIDAID) VALUES (51, 0, 2, TO_DATE('2019-07-10', 'YYYY-MM-DD'), 6, 'm3');
INSERT INTO OPERACOES(idOperacao, CULTIVOSID, TIPOOPERACAOID, data, quantidade, UNIDADEMEDIDAID) VALUES (52, 12, 2, TO_DATE('2019-08-10', 'YYYY-MM-DD'), 1, 'm3');
INSERT INTO OPERACOES(idOperacao, CULTIVOSID, TIPOOPERACAOID, data, quantidade, UNIDADEMEDIDAID) VALUES (53, 11, 2, TO_DATE('2019-08-10', 'YYYY-MM-DD'), 1, 'm3');
INSERT INTO OPERACOES(idOperacao, CULTIVOSID, TIPOOPERACAOID, data, quantidade, UNIDADEMEDIDAID) VALUES (54, 0, 2, TO_DATE('2019-08-10', 'YYYY-MM-DD'), 4, 'm3');
INSERT INTO OPERACOES(idOperacao, CULTIVOSID, TIPOOPERACAOID, data, quantidade, UNIDADEMEDIDAID) VALUES (55, 0, 2, TO_DATE('2019-08-11', 'YYYY-MM-DD'), 7, 'm3');
INSERT INTO OPERACOES(idOperacao, CULTIVOSID, TIPOOPERACAOID, data, quantidade, UNIDADEMEDIDAID) VALUES (56, 11, 3, TO_DATE('2019-11-15', 'YYYY-MM-DD'), 30, 'un');
INSERT INTO OPERACOES(idOperacao, CULTIVOSID, TIPOOPERACAOID, data, quantidade, UNIDADEMEDIDAID) VALUES (57, 12, 3, TO_DATE('2019-11-15', 'YYYY-MM-DD'), 20, 'un');
INSERT INTO OPERACOES(idOperacao, CULTIVOSID, TIPOOPERACAOID, data, quantidade, UNIDADEMEDIDAID) VALUES (58, 26, 3, TO_DATE('2019-12-16', 'YYYY-MM-DD'), 500, 'un');
INSERT INTO OPERACOES(idOperacao, CULTIVOSID, TIPOOPERACAOID, data, quantidade, UNIDADEMEDIDAID) VALUES (59, 27, 3, TO_DATE('2019-12-18', 'YYYY-MM-DD'), 700, 'un');
INSERT INTO OPERACOES(idOperacao, CULTIVOSID, TIPOOPERACAOID, data, quantidade, UNIDADEMEDIDAID) VALUES (60, 26, 5, TO_DATE('2020-01-20', 'YYYY-MM-DD'), 2, 'kg');
INSERT INTO OPERACOES(idOperacao, CULTIVOSID, TIPOOPERACAOID, data, quantidade, UNIDADEMEDIDAID) VALUES (61, 27, 5, TO_DATE('2020-01-20', 'YYYY-MM-DD'), 2, 'kg');
INSERT INTO OPERACOES(idOperacao, CULTIVOSID, TIPOOPERACAOID, data, quantidade, UNIDADEMEDIDAID) VALUES (62, 13, 6, TO_DATE('2020-03-12', 'YYYY-MM-DD'), 0, 'kg');
INSERT INTO OPERACOES(idOperacao, CULTIVOSID, TIPOOPERACAOID, data, quantidade, UNIDADEMEDIDAID) VALUES (63, 0, 4, TO_DATE('2020-03-30', 'YYYY-MM-DD'), 600, 'kg');
INSERT INTO OPERACOES(idOperacao, CULTIVOSID, TIPOOPERACAOID, data, quantidade, UNIDADEMEDIDAID) VALUES (64, 5, 6, TO_DATE('2020-04-05', 'YYYY-MM-DD'), 1, 'ha');
INSERT INTO OPERACOES(idOperacao, CULTIVOSID, TIPOOPERACAOID, data, quantidade, UNIDADEMEDIDAID) VALUES (65, 13, 7, TO_DATE('2020-05-05', 'YYYY-MM-DD'), 2200, 'kg');
INSERT INTO OPERACOES(idOperacao, CULTIVOSID, TIPOOPERACAOID, data, quantidade, UNIDADEMEDIDAID) VALUES (66, 13, 7, TO_DATE('2020-05-15', 'YYYY-MM-DD'), 1400, 'kg');
INSERT INTO OPERACOES(idOperacao, CULTIVOSID, TIPOOPERACAOID, data, quantidade, UNIDADEMEDIDAID) VALUES (67, 14, 6, TO_DATE('2020-06-02', 'YYYY-MM-DD'), 0, 'kg');
INSERT INTO OPERACOES(idOperacao, CULTIVOSID, TIPOOPERACAOID, data, quantidade, UNIDADEMEDIDAID) VALUES (68, 12, 2, TO_DATE('2020-07-03', 'YYYY-MM-DD'), 1, 'm3');
INSERT INTO OPERACOES(idOperacao, CULTIVOSID, TIPOOPERACAOID, data, quantidade, UNIDADEMEDIDAID) VALUES (69, 11, 2, TO_DATE('2020-07-03', 'YYYY-MM-DD'), 1, 'm3');
INSERT INTO OPERACOES(idOperacao, CULTIVOSID, TIPOOPERACAOID, data, quantidade, UNIDADEMEDIDAID) VALUES (70, 0, 2, TO_DATE('2020-07-10', 'YYYY-MM-DD'), 6, 'm3');
INSERT INTO OPERACOES(idOperacao, CULTIVOSID, TIPOOPERACAOID, data, quantidade, UNIDADEMEDIDAID) VALUES (71, 5, 2, TO_DATE('2020-07-12', 'YYYY-MM-DD'), 15, 'm3');
INSERT INTO OPERACOES(idOperacao, CULTIVOSID, TIPOOPERACAOID, data, quantidade, UNIDADEMEDIDAID) VALUES (72, 14, 2, TO_DATE('2020-07-15', 'YYYY-MM-DD'), 2, 'm3');
INSERT INTO OPERACOES(idOperacao, CULTIVOSID, TIPOOPERACAOID, data, quantidade, UNIDADEMEDIDAID) VALUES (73, 5, 2, TO_DATE('2020-07-28', 'YYYY-MM-DD'), 15, 'm3');
INSERT INTO OPERACOES(idOperacao, CULTIVOSID, TIPOOPERACAOID, data, quantidade, UNIDADEMEDIDAID) VALUES (74, 12, 2, TO_DATE('2020-08-10', 'YYYY-MM-DD'), 1, 'm3');
INSERT INTO OPERACOES(idOperacao, CULTIVOSID, TIPOOPERACAOID, data, quantidade, UNIDADEMEDIDAID) VALUES (75, 11, 2, TO_DATE('2020-08-10', 'YYYY-MM-DD'), 1, 'm3');
INSERT INTO OPERACOES(idOperacao, CULTIVOSID, TIPOOPERACAOID, data, quantidade, UNIDADEMEDIDAID) VALUES (76, 5, 2, TO_DATE('2020-08-10', 'YYYY-MM-DD'), 15, 'm3');
INSERT INTO OPERACOES(idOperacao, CULTIVOSID, TIPOOPERACAOID, data, quantidade, UNIDADEMEDIDAID) VALUES (77, 0, 2, TO_DATE('2020-08-11', 'YYYY-MM-DD'), 7, 'm3');
INSERT INTO OPERACOES(idOperacao, CULTIVOSID, TIPOOPERACAOID, data, quantidade, UNIDADEMEDIDAID) VALUES (78, 14, 2, TO_DATE('2020-08-12', 'YYYY-MM-DD'), 3, 'm3');
INSERT INTO OPERACOES(idOperacao, CULTIVOSID, TIPOOPERACAOID, data, quantidade, UNIDADEMEDIDAID) VALUES (79, 5, 7, TO_DATE('2020-08-20', 'YYYY-MM-DD'), 3300, 'kg');
INSERT INTO OPERACOES(idOperacao, CULTIVOSID, TIPOOPERACAOID, data, quantidade, UNIDADEMEDIDAID) VALUES (80, 14, 7, TO_DATE('2020-08-28', 'YYYY-MM-DD'), 600, 'kg');
INSERT INTO OPERACOES(idOperacao, CULTIVOSID, TIPOOPERACAOID, data, quantidade, UNIDADEMEDIDAID) VALUES (81, 14, 7, TO_DATE('2020-09-07', 'YYYY-MM-DD'), 1800, 'kg');
INSERT INTO OPERACOES(idOperacao, CULTIVOSID, TIPOOPERACAOID, data, quantidade, UNIDADEMEDIDAID) VALUES (82, 15, 6, TO_DATE('2020-09-20', 'YYYY-MM-DD'), 0, 'kg');
INSERT INTO OPERACOES(idOperacao, CULTIVOSID, TIPOOPERACAOID, data, quantidade, UNIDADEMEDIDAID) VALUES (83, 1, 6, TO_DATE('2020-10-10', 'YYYY-MM-DD'), 36, 'kg');
INSERT INTO OPERACOES(idOperacao, CULTIVOSID, TIPOOPERACAOID, data, quantidade, UNIDADEMEDIDAID) VALUES (84, 6, 6, TO_DATE('2020-10-12', 'YYYY-MM-DD'), 1, 'ha');
INSERT INTO OPERACOES(idOperacao, CULTIVOSID, TIPOOPERACAOID, data, quantidade, UNIDADEMEDIDAID) VALUES (85, 11, 3, TO_DATE('2020-11-10', 'YYYY-MM-DD'), 30, 'un');
INSERT INTO OPERACOES(idOperacao, CULTIVOSID, TIPOOPERACAOID, data, quantidade, UNIDADEMEDIDAID) VALUES (86, 12, 3, TO_DATE('2020-11-10', 'YYYY-MM-DD'), 20, 'un');
INSERT INTO OPERACOES(idOperacao, CULTIVOSID, TIPOOPERACAOID, data, quantidade, UNIDADEMEDIDAID) VALUES (87, 15, 7, TO_DATE('2020-11-15', 'YYYY-MM-DD'), 600, 'kg');
INSERT INTO OPERACOES(idOperacao, CULTIVOSID, TIPOOPERACAOID, data, quantidade, UNIDADEMEDIDAID) VALUES (88, 24, 3, TO_DATE('2020-12-05', 'YYYY-MM-DD'), 70, 'un');
INSERT INTO OPERACOES(idOperacao, CULTIVOSID, TIPOOPERACAOID, data, quantidade, UNIDADEMEDIDAID) VALUES (89, 22, 3, TO_DATE('2020-12-05', 'YYYY-MM-DD'), 50, 'un');
INSERT INTO OPERACOES(idOperacao, CULTIVOSID, TIPOOPERACAOID, data, quantidade, UNIDADEMEDIDAID) VALUES (90, 11, 4, TO_DATE('2020-12-10', 'YYYY-MM-DD'), 10, 'kg');
INSERT INTO OPERACOES(idOperacao, CULTIVOSID, TIPOOPERACAOID, data, quantidade, UNIDADEMEDIDAID) VALUES (91, 12, 4, TO_DATE('2020-12-10', 'YYYY-MM-DD'), 7, 'kg');
INSERT INTO OPERACOES(idOperacao, CULTIVOSID, TIPOOPERACAOID, data, quantidade, UNIDADEMEDIDAID) VALUES (92, 22, 3, TO_DATE('2020-12-15', 'YYYY-MM-DD'), 40, 'un');
INSERT INTO OPERACOES(idOperacao, CULTIVOSID, TIPOOPERACAOID, data, quantidade, UNIDADEMEDIDAID) VALUES (93, 23, 3, TO_DATE('2020-12-15', 'YYYY-MM-DD'), 60, 'un');
INSERT INTO OPERACOES(idOperacao, CULTIVOSID, TIPOOPERACAOID, data, quantidade, UNIDADEMEDIDAID) VALUES (94, 26, 3, TO_DATE('2020-12-16', 'YYYY-MM-DD'), 500, 'un');
INSERT INTO OPERACOES(idOperacao, CULTIVOSID, TIPOOPERACAOID, data, quantidade, UNIDADEMEDIDAID) VALUES (95, 15, 7, TO_DATE('2020-12-18', 'YYYY-MM-DD'), 2500, 'kg');
INSERT INTO OPERACOES(idOperacao, CULTIVOSID, TIPOOPERACAOID, data, quantidade, UNIDADEMEDIDAID) VALUES (96, 27, 3, TO_DATE('2020-12-18', 'YYYY-MM-DD'), 700, 'un');
INSERT INTO OPERACOES(idOperacao, CULTIVOSID, TIPOOPERACAOID, data, quantidade, UNIDADEMEDIDAID) VALUES (97, 15, 7, TO_DATE('2021-01-04', 'YYYY-MM-DD'), 2900, 'kg');
INSERT INTO OPERACOES(idOperacao, CULTIVOSID, TIPOOPERACAOID, data, quantidade, UNIDADEMEDIDAID) VALUES (98, 26, 5, TO_DATE('2021-01-20', 'YYYY-MM-DD'), 2, 'kg');
INSERT INTO OPERACOES(idOperacao, CULTIVOSID, TIPOOPERACAOID, data, quantidade, UNIDADEMEDIDAID) VALUES (99, 27, 5, TO_DATE('2021-01-20', 'YYYY-MM-DD'), 2, 'kg');
INSERT INTO OPERACOES(idOperacao, CULTIVOSID, TIPOOPERACAOID, data, quantidade, UNIDADEMEDIDAID) VALUES (100, 16, 6, TO_DATE('2021-03-10', 'YYYY-MM-DD'), 0, 'kg');
INSERT INTO OPERACOES(idOperacao, CULTIVOSID, TIPOOPERACAOID, data, quantidade, UNIDADEMEDIDAID) VALUES (101, 6, 8, TO_DATE('2021-03-14', 'YYYY-MM-DD'), 1, 'ha');
INSERT INTO OPERACOES(idOperacao, CULTIVOSID, TIPOOPERACAOID, data, quantidade, UNIDADEMEDIDAID) VALUES (102, 1, 8, TO_DATE('2021-03-30', 'YYYY-MM-DD'), 1, 'ha');
INSERT INTO OPERACOES(idOperacao, CULTIVOSID, TIPOOPERACAOID, data, quantidade, UNIDADEMEDIDAID) VALUES (103, 5, 6, TO_DATE('2021-04-03', 'YYYY-MM-DD'), 1, 'ha');
INSERT INTO OPERACOES(idOperacao, CULTIVOSID, TIPOOPERACAOID, data, quantidade, UNIDADEMEDIDAID) VALUES (104, 2, 6, TO_DATE('2021-04-15', 'YYYY-MM-DD'), 30, 'kg');
INSERT INTO OPERACOES(idOperacao, CULTIVOSID, TIPOOPERACAOID, data, quantidade, UNIDADEMEDIDAID) VALUES (105, 0, 9, TO_DATE('2021-05-02', 'YYYY-MM-DD'), 10, 'kg');
INSERT INTO OPERACOES(idOperacao, CULTIVOSID, TIPOOPERACAOID, data, quantidade, UNIDADEMEDIDAID) VALUES (106, 16, 7, TO_DATE('2021-05-05', 'YYYY-MM-DD'), 2200, 'kg');
INSERT INTO OPERACOES(idOperacao, CULTIVOSID, TIPOOPERACAOID, data, quantidade, UNIDADEMEDIDAID) VALUES (107, 16, 7, TO_DATE('2021-05-15', 'YYYY-MM-DD'), 1400, 'kg');
INSERT INTO OPERACOES(idOperacao, CULTIVOSID, TIPOOPERACAOID, data, quantidade, UNIDADEMEDIDAID) VALUES (108, 17, 6, TO_DATE('2021-06-02', 'YYYY-MM-DD'), 0, 'kg');
INSERT INTO OPERACOES(idOperacao, CULTIVOSID, TIPOOPERACAOID, data, quantidade, UNIDADEMEDIDAID) VALUES (109, 17, 2, TO_DATE('2021-06-20', 'YYYY-MM-DD'), 3, 'm3');
INSERT INTO OPERACOES(idOperacao, CULTIVOSID, TIPOOPERACAOID, data, quantidade, UNIDADEMEDIDAID) VALUES (110, 12, 2, TO_DATE('2021-07-03', 'YYYY-MM-DD'), 0, 'm3');
INSERT INTO OPERACOES(idOperacao, CULTIVOSID, TIPOOPERACAOID, data, quantidade, UNIDADEMEDIDAID) VALUES (111, 11, 2, TO_DATE('2021-07-03', 'YYYY-MM-DD'), 1, 'm3');
INSERT INTO OPERACOES(idOperacao, CULTIVOSID, TIPOOPERACAOID, data, quantidade, UNIDADEMEDIDAID) VALUES (112, 0, 2, TO_DATE('2021-07-05', 'YYYY-MM-DD'), 5, 'm3');
INSERT INTO OPERACOES(idOperacao, CULTIVOSID, TIPOOPERACAOID, data, quantidade, UNIDADEMEDIDAID) VALUES (113, 17, 2, TO_DATE('2021-07-07', 'YYYY-MM-DD'), 3, 'm3');
INSERT INTO OPERACOES(idOperacao, CULTIVOSID, TIPOOPERACAOID, data, quantidade, UNIDADEMEDIDAID) VALUES (114, 0, 2, TO_DATE('2021-07-10', 'YYYY-MM-DD'), 7, 'm3');
INSERT INTO OPERACOES(idOperacao, CULTIVOSID, TIPOOPERACAOID, data, quantidade, UNIDADEMEDIDAID) VALUES (115, 5, 2, TO_DATE('2021-07-12', 'YYYY-MM-DD'), 15, 'm3');
INSERT INTO OPERACOES(idOperacao, CULTIVOSID, TIPOOPERACAOID, data, quantidade, UNIDADEMEDIDAID) VALUES (116, 26, 7, TO_DATE('2021-07-15', 'YYYY-MM-DD'), 300, 'kg');
INSERT INTO OPERACOES(idOperacao, CULTIVOSID, TIPOOPERACAOID, data, quantidade, UNIDADEMEDIDAID) VALUES (117, 26, 7, TO_DATE('2021-07-20', 'YYYY-MM-DD'), 400, 'kg');
INSERT INTO OPERACOES(idOperacao, CULTIVOSID, TIPOOPERACAOID, data, quantidade, UNIDADEMEDIDAID) VALUES (118, 5, 2, TO_DATE('2021-07-24', 'YYYY-MM-DD'), 15, 'm3');
INSERT INTO OPERACOES(idOperacao, CULTIVOSID, TIPOOPERACAOID, data, quantidade, UNIDADEMEDIDAID) VALUES (119, 0, 2, TO_DATE('2021-07-30', 'YYYY-MM-DD'), 5, 'm3');
INSERT INTO OPERACOES(idOperacao, CULTIVOSID, TIPOOPERACAOID, data, quantidade, UNIDADEMEDIDAID) VALUES (120, 17, 2, TO_DATE('2021-07-30', 'YYYY-MM-DD'), 3, 'm3');
INSERT INTO OPERACOES(idOperacao, CULTIVOSID, TIPOOPERACAOID, data, quantidade, UNIDADEMEDIDAID) VALUES (121, 5, 2, TO_DATE('2021-08-07', 'YYYY-MM-DD'), 15, 'm3');
INSERT INTO OPERACOES(idOperacao, CULTIVOSID, TIPOOPERACAOID, data, quantidade, UNIDADEMEDIDAID) VALUES (122, 12, 2, TO_DATE('2021-08-10', 'YYYY-MM-DD'), 0, 'm3');
INSERT INTO OPERACOES(idOperacao, CULTIVOSID, TIPOOPERACAOID, data, quantidade, UNIDADEMEDIDAID) VALUES (123, 11, 2, TO_DATE('2021-08-10', 'YYYY-MM-DD'), 1, 'm3');
INSERT INTO OPERACOES(idOperacao, CULTIVOSID, TIPOOPERACAOID, data, quantidade, UNIDADEMEDIDAID) VALUES (124, 2, 7, TO_DATE('2021-08-12', 'YYYY-MM-DD'), 3300, 'kg');
INSERT INTO OPERACOES(idOperacao, CULTIVOSID, TIPOOPERACAOID, data, quantidade, UNIDADEMEDIDAID) VALUES (125, 17, 2, TO_DATE('2021-08-17', 'YYYY-MM-DD'), 3, 'm3');
INSERT INTO OPERACOES(idOperacao, CULTIVOSID, TIPOOPERACAOID, data, quantidade, UNIDADEMEDIDAID) VALUES (126, 24, 7, TO_DATE('2021-08-24', 'YYYY-MM-DD'), 900, 'kg');
INSERT INTO OPERACOES(idOperacao, CULTIVOSID, TIPOOPERACAOID, data, quantidade, UNIDADEMEDIDAID) VALUES (127, 5, 7, TO_DATE('2021-08-25', 'YYYY-MM-DD'), 3300, 'kg');
INSERT INTO OPERACOES(idOperacao, CULTIVOSID, TIPOOPERACAOID, data, quantidade, UNIDADEMEDIDAID) VALUES (128, 17, 7, TO_DATE('2021-08-28', 'YYYY-MM-DD'), 600, 'kg');
INSERT INTO OPERACOES(idOperacao, CULTIVOSID, TIPOOPERACAOID, data, quantidade, UNIDADEMEDIDAID) VALUES (129, 24, 7, TO_DATE('2021-09-05', 'YYYY-MM-DD'), 800, 'kg');
INSERT INTO OPERACOES(idOperacao, CULTIVOSID, TIPOOPERACAOID, data, quantidade, UNIDADEMEDIDAID) VALUES (130, 17, 7, TO_DATE('2021-09-07', 'YYYY-MM-DD'), 1800, 'kg');
INSERT INTO OPERACOES(idOperacao, CULTIVOSID, TIPOOPERACAOID, data, quantidade, UNIDADEMEDIDAID) VALUES (131, 22, 7, TO_DATE('2021-09-12', 'YYYY-MM-DD'), 800, 'kg');
INSERT INTO OPERACOES(idOperacao, CULTIVOSID, TIPOOPERACAOID, data, quantidade, UNIDADEMEDIDAID) VALUES (132, 15, 6, TO_DATE('2021-09-20', 'YYYY-MM-DD'), 0, 'kg');
INSERT INTO OPERACOES(idOperacao, CULTIVOSID, TIPOOPERACAOID, data, quantidade, UNIDADEMEDIDAID) VALUES (133, 22, 7, TO_DATE('2021-09-23', 'YYYY-MM-DD'), 1200, 'kg');
INSERT INTO OPERACOES(idOperacao, CULTIVOSID, TIPOOPERACAOID, data, quantidade, UNIDADEMEDIDAID) VALUES (134, 1, 6, TO_DATE('2021-10-03', 'YYYY-MM-DD'), 36, 'un');
INSERT INTO OPERACOES(idOperacao, CULTIVOSID, TIPOOPERACAOID, data, quantidade, UNIDADEMEDIDAID) VALUES (135, 6, 6, TO_DATE('2021-10-06', 'YYYY-MM-DD'), 1, 'ha');
INSERT INTO OPERACOES(idOperacao, CULTIVOSID, TIPOOPERACAOID, data, quantidade, UNIDADEMEDIDAID) VALUES (136, 23, 7, TO_DATE('2021-10-12', 'YYYY-MM-DD'), 950, 'kg');
INSERT INTO OPERACOES(idOperacao, CULTIVOSID, TIPOOPERACAOID, data, quantidade, UNIDADEMEDIDAID) VALUES (137, 23, 7, TO_DATE('2021-11-03', 'YYYY-MM-DD'), 750, 'kg');
INSERT INTO OPERACOES(idOperacao, CULTIVOSID, TIPOOPERACAOID, data, quantidade, UNIDADEMEDIDAID) VALUES (138, 11, 7, TO_DATE('2021-11-10', 'YYYY-MM-DD'), 210, 'kg');
INSERT INTO OPERACOES(idOperacao, CULTIVOSID, TIPOOPERACAOID, data, quantidade, UNIDADEMEDIDAID) VALUES (139, 12, 7, TO_DATE('2021-11-10', 'YYYY-MM-DD'), 120, 'kg');
INSERT INTO OPERACOES(idOperacao, CULTIVOSID, TIPOOPERACAOID, data, quantidade, UNIDADEMEDIDAID) VALUES (140, 15, 7, TO_DATE('2021-11-15', 'YYYY-MM-DD'), 600, 'kg');
INSERT INTO OPERACOES(idOperacao, CULTIVOSID, TIPOOPERACAOID, data, quantidade, UNIDADEMEDIDAID) VALUES (141, 11, 3, TO_DATE('2021-11-17', 'YYYY-MM-DD'), 30, 'un');
INSERT INTO OPERACOES(idOperacao, CULTIVOSID, TIPOOPERACAOID, data, quantidade, UNIDADEMEDIDAID) VALUES (142, 12, 3, TO_DATE('2021-11-17', 'YYYY-MM-DD'), 20, 'un');
INSERT INTO OPERACOES(idOperacao, CULTIVOSID, TIPOOPERACAOID, data, quantidade, UNIDADEMEDIDAID) VALUES (143, 24, 3, TO_DATE('2021-11-28', 'YYYY-MM-DD'), 70, 'un');
INSERT INTO OPERACOES(idOperacao, CULTIVOSID, TIPOOPERACAOID, data, quantidade, UNIDADEMEDIDAID) VALUES (144, 22, 3, TO_DATE('2021-12-03', 'YYYY-MM-DD'), 90, 'un');
INSERT INTO OPERACOES(idOperacao, CULTIVOSID, TIPOOPERACAOID, data, quantidade, UNIDADEMEDIDAID) VALUES (145, 26, 3, TO_DATE('2021-12-16', 'YYYY-MM-DD'), 500, 'un');
INSERT INTO OPERACOES(idOperacao, CULTIVOSID, TIPOOPERACAOID, data, quantidade, UNIDADEMEDIDAID) VALUES (146, 23, 3, TO_DATE('2021-12-18', 'YYYY-MM-DD'), 60, 'un');
INSERT INTO OPERACOES(idOperacao, CULTIVOSID, TIPOOPERACAOID, data, quantidade, UNIDADEMEDIDAID) VALUES (147, 15, 7, TO_DATE('2021-12-18', 'YYYY-MM-DD'), 2500, 'kg');
INSERT INTO OPERACOES(idOperacao, CULTIVOSID, TIPOOPERACAOID, data, quantidade, UNIDADEMEDIDAID) VALUES (148, 27, 3, TO_DATE('2021-12-18', 'YYYY-MM-DD'), 700, 'un');
INSERT INTO OPERACOES(idOperacao, CULTIVOSID, TIPOOPERACAOID, data, quantidade, UNIDADEMEDIDAID) VALUES (149, 15, 7, TO_DATE('2022-01-04', 'YYYY-MM-DD'), 2900, 'kg');
INSERT INTO OPERACOES(idOperacao, CULTIVOSID, TIPOOPERACAOID, data, quantidade, UNIDADEMEDIDAID) VALUES (150, 26, 5, TO_DATE('2022-01-20', 'YYYY-MM-DD'), 3, 'kg');
INSERT INTO OPERACOES(idOperacao, CULTIVOSID, TIPOOPERACAOID, data, quantidade, UNIDADEMEDIDAID) VALUES (151, 27, 5, TO_DATE('2022-01-20', 'YYYY-MM-DD'), 3, 'kg');
INSERT INTO OPERACOES(idOperacao, CULTIVOSID, TIPOOPERACAOID, data, quantidade, UNIDADEMEDIDAID) VALUES (152, 16, 6, TO_DATE('2022-03-06', 'YYYY-MM-DD'), 0, 'kg');
INSERT INTO OPERACOES(idOperacao, CULTIVOSID, TIPOOPERACAOID, data, quantidade, UNIDADEMEDIDAID) VALUES (153, 6, 8, TO_DATE('2022-03-19', 'YYYY-MM-DD'), 1, 'ha');
INSERT INTO OPERACOES(idOperacao, CULTIVOSID, TIPOOPERACAOID, data, quantidade, UNIDADEMEDIDAID) VALUES (154, 1, 8, TO_DATE('2022-04-05', 'YYYY-MM-DD'), 1, 'ha');
INSERT INTO OPERACOES(idOperacao, CULTIVOSID, TIPOOPERACAOID, data, quantidade, UNIDADEMEDIDAID) VALUES (155, 5, 6, TO_DATE('2022-04-08', 'YYYY-MM-DD'), 1, 'ha');
INSERT INTO OPERACOES(idOperacao, CULTIVOSID, TIPOOPERACAOID, data, quantidade, UNIDADEMEDIDAID) VALUES (156, 2, 6, TO_DATE('2022-04-15', 'YYYY-MM-DD'), 30, 'kg');
INSERT INTO OPERACOES(idOperacao, CULTIVOSID, TIPOOPERACAOID, data, quantidade, UNIDADEMEDIDAID) VALUES (157, 16, 7, TO_DATE('2022-05-05', 'YYYY-MM-DD'), 2250, 'kg');
INSERT INTO OPERACOES(idOperacao, CULTIVOSID, TIPOOPERACAOID, data, quantidade, UNIDADEMEDIDAID) VALUES (158, 0, 9, TO_DATE('2022-05-13', 'YYYY-MM-DD'), 10, 'kg');
INSERT INTO OPERACOES(idOperacao, CULTIVOSID, TIPOOPERACAOID, data, quantidade, UNIDADEMEDIDAID) VALUES (159, 16, 7, TO_DATE('2022-05-15', 'YYYY-MM-DD'), 1300, 'kg');
INSERT INTO OPERACOES(idOperacao, CULTIVOSID, TIPOOPERACAOID, data, quantidade, UNIDADEMEDIDAID) VALUES (160, 14, 6, TO_DATE('2022-05-30', 'YYYY-MM-DD'), 0, 'kg');
INSERT INTO OPERACOES(idOperacao, CULTIVOSID, TIPOOPERACAOID, data, quantidade, UNIDADEMEDIDAID) VALUES (161, 0, 2, TO_DATE('2022-06-05', 'YYYY-MM-DD'), 3, 'm3');
INSERT INTO OPERACOES(idOperacao, CULTIVOSID, TIPOOPERACAOID, data, quantidade, UNIDADEMEDIDAID) VALUES (162, 14, 2, TO_DATE('2022-06-30', 'YYYY-MM-DD'), 3, 'm3');
INSERT INTO OPERACOES(idOperacao, CULTIVOSID, TIPOOPERACAOID, data, quantidade, UNIDADEMEDIDAID) VALUES (163, 0, 2, TO_DATE('2022-07-02', 'YYYY-MM-DD'), 5, 'm3');
INSERT INTO OPERACOES(idOperacao, CULTIVOSID, TIPOOPERACAOID, data, quantidade, UNIDADEMEDIDAID) VALUES (164, 12, 2, TO_DATE('2022-07-03', 'YYYY-MM-DD'), 0, 'm3');
INSERT INTO OPERACOES(idOperacao, CULTIVOSID, TIPOOPERACAOID, data, quantidade, UNIDADEMEDIDAID) VALUES (165, 11, 2, TO_DATE('2022-07-03', 'YYYY-MM-DD'), 1, 'm3');
INSERT INTO OPERACOES(idOperacao, CULTIVOSID, TIPOOPERACAOID, data, quantidade, UNIDADEMEDIDAID) VALUES (166, 27, 2, TO_DATE('2022-07-10', 'YYYY-MM-DD'), 5, 'm3');
INSERT INTO OPERACOES(idOperacao, CULTIVOSID, TIPOOPERACAOID, data, quantidade, UNIDADEMEDIDAID) VALUES (167, 5, 2, TO_DATE('2022-07-12', 'YYYY-MM-DD'), 15, 'm3');
INSERT INTO OPERACOES(idOperacao, CULTIVOSID, TIPOOPERACAOID, data, quantidade, UNIDADEMEDIDAID) VALUES (168, 14, 2, TO_DATE('2022-07-15', 'YYYY-MM-DD'), 3, 'm3');
INSERT INTO OPERACOES(idOperacao, CULTIVOSID, TIPOOPERACAOID, data, quantidade, UNIDADEMEDIDAID) VALUES (169, 26, 7, TO_DATE('2022-07-15', 'YYYY-MM-DD'), 600, 'kg');
INSERT INTO OPERACOES(idOperacao, CULTIVOSID, TIPOOPERACAOID, data, quantidade, UNIDADEMEDIDAID) VALUES (170, 26, 7, TO_DATE('2022-07-20', 'YYYY-MM-DD'), 500, 'kg');
INSERT INTO OPERACOES(idOperacao, CULTIVOSID, TIPOOPERACAOID, data, quantidade, UNIDADEMEDIDAID) VALUES (171, 5, 2, TO_DATE('2022-07-24', 'YYYY-MM-DD'), 15, 'm3');
INSERT INTO OPERACOES(idOperacao, CULTIVOSID, TIPOOPERACAOID, data, quantidade, UNIDADEMEDIDAID) VALUES (172, 0, 2, TO_DATE('2022-07-30', 'YYYY-MM-DD'), 5, 'm3');
INSERT INTO OPERACOES(idOperacao, CULTIVOSID, TIPOOPERACAOID, data, quantidade, UNIDADEMEDIDAID) VALUES (173, 14, 2, TO_DATE('2022-07-30', 'YYYY-MM-DD'), 2, 'm3');
INSERT INTO OPERACOES(idOperacao, CULTIVOSID, TIPOOPERACAOID, data, quantidade, UNIDADEMEDIDAID) VALUES (174, 5, 2, TO_DATE('2022-08-07', 'YYYY-MM-DD'), 15, 'm3');
INSERT INTO OPERACOES(idOperacao, CULTIVOSID, TIPOOPERACAOID, data, quantidade, UNIDADEMEDIDAID) VALUES (175, 12, 2, TO_DATE('2022-08-10', 'YYYY-MM-DD'), 0, 'm3');
INSERT INTO OPERACOES(idOperacao, CULTIVOSID, TIPOOPERACAOID, data, quantidade, UNIDADEMEDIDAID) VALUES (176, 11, 2, TO_DATE('2022-08-10', 'YYYY-MM-DD'), 1, 'm3');
INSERT INTO OPERACOES(idOperacao, CULTIVOSID, TIPOOPERACAOID, data, quantidade, UNIDADEMEDIDAID) VALUES (177, 27, 7, TO_DATE('2022-08-12', 'YYYY-MM-DD'), 1200, 'kg');
INSERT INTO OPERACOES(idOperacao, CULTIVOSID, TIPOOPERACAOID, data, quantidade, UNIDADEMEDIDAID) VALUES (178, 27, 7, TO_DATE('2022-08-12', 'YYYY-MM-DD'), 600, 'kg');
INSERT INTO OPERACOES(idOperacao, CULTIVOSID, TIPOOPERACAOID, data, quantidade, UNIDADEMEDIDAID) VALUES (179, 2, 7, TO_DATE('2022-08-17', 'YYYY-MM-DD'), 3500, 'kg');
INSERT INTO OPERACOES(idOperacao, CULTIVOSID, TIPOOPERACAOID, data, quantidade, UNIDADEMEDIDAID) VALUES (180, 14, 2, TO_DATE('2022-08-17', 'YYYY-MM-DD'), 3, 'm3');
INSERT INTO OPERACOES(idOperacao, CULTIVOSID, TIPOOPERACAOID, data, quantidade, UNIDADEMEDIDAID) VALUES (181, 5, 7, TO_DATE('2022-08-18', 'YYYY-MM-DD'), 3300, 'kg');
INSERT INTO OPERACOES(idOperacao, CULTIVOSID, TIPOOPERACAOID, data, quantidade, UNIDADEMEDIDAID) VALUES (182, 24, 7, TO_DATE('2022-08-20', 'YYYY-MM-DD'), 950, 'kg');
INSERT INTO OPERACOES(idOperacao, CULTIVOSID, TIPOOPERACAOID, data, quantidade, UNIDADEMEDIDAID) VALUES (183, 14, 7, TO_DATE('2022-08-24', 'YYYY-MM-DD'), 650, 'kg');
INSERT INTO OPERACOES(idOperacao, CULTIVOSID, TIPOOPERACAOID, data, quantidade, UNIDADEMEDIDAID) VALUES (184, 14, 7, TO_DATE('2022-09-05', 'YYYY-MM-DD'), 1900, 'kg');
INSERT INTO OPERACOES(idOperacao, CULTIVOSID, TIPOOPERACAOID, data, quantidade, UNIDADEMEDIDAID) VALUES (185, 24, 7, TO_DATE('2022-09-07', 'YYYY-MM-DD'), 830, 'kg');
INSERT INTO OPERACOES(idOperacao, CULTIVOSID, TIPOOPERACAOID, data, quantidade, UNIDADEMEDIDAID) VALUES (186, 22, 7, TO_DATE('2022-09-11', 'YYYY-MM-DD'), 750, 'kg');
INSERT INTO OPERACOES(idOperacao, CULTIVOSID, TIPOOPERACAOID, data, quantidade, UNIDADEMEDIDAID) VALUES (187, 22, 7, TO_DATE('2022-09-20', 'YYYY-MM-DD'), 1150, 'kg');
INSERT INTO OPERACOES(idOperacao, CULTIVOSID, TIPOOPERACAOID, data, quantidade, UNIDADEMEDIDAID) VALUES (188, 21, 6, TO_DATE('2022-09-20', 'YYYY-MM-DD'), 0, 'kg');
INSERT INTO OPERACOES(idOperacao, CULTIVOSID, TIPOOPERACAOID, data, quantidade, UNIDADEMEDIDAID) VALUES (189, 6, 6, TO_DATE('2022-10-12', 'YYYY-MM-DD'), 1, 'ha');
INSERT INTO OPERACOES(idOperacao, CULTIVOSID, TIPOOPERACAOID, data, quantidade, UNIDADEMEDIDAID) VALUES (190, 23, 7, TO_DATE('2022-10-17', 'YYYY-MM-DD'), 850, 'kg');
INSERT INTO OPERACOES(idOperacao, CULTIVOSID, TIPOOPERACAOID, data, quantidade, UNIDADEMEDIDAID) VALUES (191, 23, 7, TO_DATE('2022-11-06', 'YYYY-MM-DD'), 900, 'kg');
INSERT INTO OPERACOES(idOperacao, CULTIVOSID, TIPOOPERACAOID, data, quantidade, UNIDADEMEDIDAID) VALUES (192, 11, 3, TO_DATE('2022-11-10', 'YYYY-MM-DD'), 30, 'un');
INSERT INTO OPERACOES(idOperacao, CULTIVOSID, TIPOOPERACAOID, data, quantidade, UNIDADEMEDIDAID) VALUES (193, 12, 3, TO_DATE('2022-11-10', 'YYYY-MM-DD'), 20, 'un');
INSERT INTO OPERACOES(idOperacao, CULTIVOSID, TIPOOPERACAOID, data, quantidade, UNIDADEMEDIDAID) VALUES (194, 11, 7, TO_DATE('2022-11-12', 'YYYY-MM-DD'), 300, 'kg');
INSERT INTO OPERACOES(idOperacao, CULTIVOSID, TIPOOPERACAOID, data, quantidade, UNIDADEMEDIDAID) VALUES (195, 12, 7, TO_DATE('2022-11-12', 'YYYY-MM-DD'), 200, 'kg');
INSERT INTO OPERACOES(idOperacao, CULTIVOSID, TIPOOPERACAOID, data, quantidade, UNIDADEMEDIDAID) VALUES (196, 21, 7, TO_DATE('2022-11-15', 'YYYY-MM-DD'), 50, 'kg');
INSERT INTO OPERACOES(idOperacao, CULTIVOSID, TIPOOPERACAOID, data, quantidade, UNIDADEMEDIDAID) VALUES (197, 24, 3, TO_DATE('2022-12-04', 'YYYY-MM-DD'), 70, 'un');
INSERT INTO OPERACOES(idOperacao, CULTIVOSID, TIPOOPERACAOID, data, quantidade, UNIDADEMEDIDAID) VALUES (198, 22, 3, TO_DATE('2022-12-07', 'YYYY-MM-DD'), 90, 'un');
INSERT INTO OPERACOES(idOperacao, CULTIVOSID, TIPOOPERACAOID, data, quantidade, UNIDADEMEDIDAID) VALUES (199, 11, 4, TO_DATE('2022-12-11', 'YYYY-MM-DD'), 15, 'kg');
INSERT INTO OPERACOES(idOperacao, CULTIVOSID, TIPOOPERACAOID, data, quantidade, UNIDADEMEDIDAID) VALUES (200, 12, 4, TO_DATE('2022-12-11', 'YYYY-MM-DD'), 10, 'kg');
INSERT INTO OPERACOES(idOperacao, CULTIVOSID, TIPOOPERACAOID, data, quantidade, UNIDADEMEDIDAID) VALUES (201, 26, 3, TO_DATE('2022-12-16', 'YYYY-MM-DD'), 500, 'un');
INSERT INTO OPERACOES(idOperacao, CULTIVOSID, TIPOOPERACAOID, data, quantidade, UNIDADEMEDIDAID) VALUES (202, 21, 7, TO_DATE('2022-12-18', 'YYYY-MM-DD'), 200, 'kg');
INSERT INTO OPERACOES(idOperacao, CULTIVOSID, TIPOOPERACAOID, data, quantidade, UNIDADEMEDIDAID) VALUES (203, 27, 3, TO_DATE('2022-12-18', 'YYYY-MM-DD'), 700, 'un');
INSERT INTO OPERACOES(idOperacao, CULTIVOSID, TIPOOPERACAOID, data, quantidade, UNIDADEMEDIDAID) VALUES (204, 23, 3, TO_DATE('2023-01-12', 'YYYY-MM-DD'), 60, 'un');
INSERT INTO OPERACOES(idOperacao, CULTIVOSID, TIPOOPERACAOID, data, quantidade, UNIDADEMEDIDAID) VALUES (205, 21, 7, TO_DATE('2023-01-14', 'YYYY-MM-DD'), 250, 'kg');
INSERT INTO OPERACOES(idOperacao, CULTIVOSID, TIPOOPERACAOID, data, quantidade, UNIDADEMEDIDAID) VALUES (206, 26, 5, TO_DATE('2023-01-20', 'YYYY-MM-DD'), 4, 'kg');
INSERT INTO OPERACOES(idOperacao, CULTIVOSID, TIPOOPERACAOID, data, quantidade, UNIDADEMEDIDAID) VALUES (207, 27, 5, TO_DATE('2023-01-20', 'YYYY-MM-DD'), 5, 'kg');
INSERT INTO OPERACOES(idOperacao, CULTIVOSID, TIPOOPERACAOID, data, quantidade, UNIDADEMEDIDAID) VALUES (208, 6, 8, TO_DATE('2023-03-20', 'YYYY-MM-DD'), 1, 'ha');


INSERT INTO SEMENTEIRAS(OPERACAOID, TIPOOPERACAOID) VALUES (62, 6);
INSERT INTO SEMENTEIRAS(OPERACAOID, TIPOOPERACAOID) VALUES (64, 6);
INSERT INTO SEMENTEIRAS(OPERACAOID, TIPOOPERACAOID) VALUES (67, 6);
INSERT INTO SEMENTEIRAS(OPERACAOID, TIPOOPERACAOID) VALUES (82, 6);
INSERT INTO SEMENTEIRAS(OPERACAOID, TIPOOPERACAOID) VALUES (83, 6);
INSERT INTO SEMENTEIRAS(OPERACAOID, TIPOOPERACAOID) VALUES (84, 6);
INSERT INTO SEMENTEIRAS(OPERACAOID, TIPOOPERACAOID) VALUES (100, 6);
INSERT INTO SEMENTEIRAS(OPERACAOID, TIPOOPERACAOID) VALUES (103, 6);
INSERT INTO SEMENTEIRAS(OPERACAOID, TIPOOPERACAOID) VALUES (104, 6);
INSERT INTO SEMENTEIRAS(OPERACAOID, TIPOOPERACAOID) VALUES (108, 6);
INSERT INTO SEMENTEIRAS(OPERACAOID, TIPOOPERACAOID) VALUES (132, 6);
INSERT INTO SEMENTEIRAS(OPERACAOID, TIPOOPERACAOID) VALUES (134, 6);
INSERT INTO SEMENTEIRAS(OPERACAOID, TIPOOPERACAOID) VALUES (135, 6);
INSERT INTO SEMENTEIRAS(OPERACAOID, TIPOOPERACAOID) VALUES (152, 6);
INSERT INTO SEMENTEIRAS(OPERACAOID, TIPOOPERACAOID) VALUES (155, 6);
INSERT INTO SEMENTEIRAS(OPERACAOID, TIPOOPERACAOID) VALUES (156, 6);
INSERT INTO SEMENTEIRAS(OPERACAOID, TIPOOPERACAOID) VALUES (160, 6);
INSERT INTO SEMENTEIRAS(OPERACAOID, TIPOOPERACAOID) VALUES (188, 6);
INSERT INTO SEMENTEIRAS(OPERACAOID, TIPOOPERACAOID) VALUES (189, 6);

INSERT INTO REGAS(OPERACAOID, TIPOOPERACAOID) VALUES (6, 2);
INSERT INTO REGAS(OPERACAOID, TIPOOPERACAOID) VALUES (7, 2);
INSERT INTO REGAS(OPERACAOID, TIPOOPERACAOID) VALUES (8, 2);
INSERT INTO REGAS(OPERACAOID, TIPOOPERACAOID) VALUES (9, 2);
INSERT INTO REGAS(OPERACAOID, TIPOOPERACAOID) VALUES (10, 2);
INSERT INTO REGAS(OPERACAOID, TIPOOPERACAOID) VALUES (11, 2);
INSERT INTO REGAS(OPERACAOID, TIPOOPERACAOID) VALUES (12, 2);
INSERT INTO REGAS(OPERACAOID, TIPOOPERACAOID) VALUES (25, 2);
INSERT INTO REGAS(OPERACAOID, TIPOOPERACAOID) VALUES (26, 2);
INSERT INTO REGAS(OPERACAOID, TIPOOPERACAOID) VALUES (27, 2);
INSERT INTO REGAS(OPERACAOID, TIPOOPERACAOID) VALUES (28, 2);
INSERT INTO REGAS(OPERACAOID, TIPOOPERACAOID) VALUES (29, 2);
INSERT INTO REGAS(OPERACAOID, TIPOOPERACAOID) VALUES (30, 2);
INSERT INTO REGAS(OPERACAOID, TIPOOPERACAOID) VALUES (31, 2);
INSERT INTO REGAS(OPERACAOID, TIPOOPERACAOID) VALUES (32, 2);
INSERT INTO REGAS(OPERACAOID, TIPOOPERACAOID) VALUES (33, 2);
INSERT INTO REGAS(OPERACAOID, TIPOOPERACAOID) VALUES (34, 2);
INSERT INTO REGAS(OPERACAOID, TIPOOPERACAOID) VALUES (48, 2);
INSERT INTO REGAS(OPERACAOID, TIPOOPERACAOID) VALUES (49, 2);
INSERT INTO REGAS(OPERACAOID, TIPOOPERACAOID) VALUES (50, 2);
INSERT INTO REGAS(OPERACAOID, TIPOOPERACAOID) VALUES (51, 2);
INSERT INTO REGAS(OPERACAOID, TIPOOPERACAOID) VALUES (52, 2);
INSERT INTO REGAS(OPERACAOID, TIPOOPERACAOID) VALUES (53, 2);
INSERT INTO REGAS(OPERACAOID, TIPOOPERACAOID) VALUES (54, 2);
INSERT INTO REGAS(OPERACAOID, TIPOOPERACAOID) VALUES (55, 2);
INSERT INTO REGAS(OPERACAOID, TIPOOPERACAOID) VALUES (68, 2);
INSERT INTO REGAS(OPERACAOID, TIPOOPERACAOID) VALUES (69, 2);
INSERT INTO REGAS(OPERACAOID, TIPOOPERACAOID) VALUES (70, 2);
INSERT INTO REGAS(OPERACAOID, TIPOOPERACAOID) VALUES (71, 2);
INSERT INTO REGAS(OPERACAOID, TIPOOPERACAOID) VALUES (72, 2);
INSERT INTO REGAS(OPERACAOID, TIPOOPERACAOID) VALUES (73, 2);
INSERT INTO REGAS(OPERACAOID, TIPOOPERACAOID) VALUES (74, 2);
INSERT INTO REGAS(OPERACAOID, TIPOOPERACAOID) VALUES (75, 2);
INSERT INTO REGAS(OPERACAOID, TIPOOPERACAOID) VALUES (76, 2);
INSERT INTO REGAS(OPERACAOID, TIPOOPERACAOID) VALUES (77, 2);
INSERT INTO REGAS(OPERACAOID, TIPOOPERACAOID) VALUES (78, 2);
INSERT INTO REGAS(OPERACAOID, TIPOOPERACAOID) VALUES (109, 2);
INSERT INTO REGAS(OPERACAOID, TIPOOPERACAOID) VALUES (110, 2);
INSERT INTO REGAS(OPERACAOID, TIPOOPERACAOID) VALUES (111, 2);
INSERT INTO REGAS(OPERACAOID, TIPOOPERACAOID) VALUES (112, 2);
INSERT INTO REGAS(OPERACAOID, TIPOOPERACAOID) VALUES (113, 2);
INSERT INTO REGAS(OPERACAOID, TIPOOPERACAOID) VALUES (114, 2);
INSERT INTO REGAS(OPERACAOID, TIPOOPERACAOID) VALUES (115, 2);
INSERT INTO REGAS(OPERACAOID, TIPOOPERACAOID) VALUES (118, 2);
INSERT INTO REGAS(OPERACAOID, TIPOOPERACAOID) VALUES (119, 2);
INSERT INTO REGAS(OPERACAOID, TIPOOPERACAOID) VALUES (120, 2);
INSERT INTO REGAS(OPERACAOID, TIPOOPERACAOID) VALUES (121, 2);
INSERT INTO REGAS(OPERACAOID, TIPOOPERACAOID) VALUES (122, 2);
INSERT INTO REGAS(OPERACAOID, TIPOOPERACAOID) VALUES (123, 2);
INSERT INTO REGAS(OPERACAOID, TIPOOPERACAOID) VALUES (125, 2);
INSERT INTO REGAS(OPERACAOID, TIPOOPERACAOID) VALUES (161, 2);
INSERT INTO REGAS(OPERACAOID, TIPOOPERACAOID) VALUES (162, 2);
INSERT INTO REGAS(OPERACAOID, TIPOOPERACAOID) VALUES (163, 2);
INSERT INTO REGAS(OPERACAOID, TIPOOPERACAOID) VALUES (164, 2);
INSERT INTO REGAS(OPERACAOID, TIPOOPERACAOID) VALUES (165, 2);
INSERT INTO REGAS(OPERACAOID, TIPOOPERACAOID) VALUES (166, 2);
INSERT INTO REGAS(OPERACAOID, TIPOOPERACAOID) VALUES (167, 2);
INSERT INTO REGAS(OPERACAOID, TIPOOPERACAOID) VALUES (168, 2);
INSERT INTO REGAS(OPERACAOID, TIPOOPERACAOID) VALUES (171, 2);
INSERT INTO REGAS(OPERACAOID, TIPOOPERACAOID) VALUES (172, 2);
INSERT INTO REGAS(OPERACAOID, TIPOOPERACAOID) VALUES (173, 2);
INSERT INTO REGAS(OPERACAOID, TIPOOPERACAOID) VALUES (174, 2);
INSERT INTO REGAS(OPERACAOID, TIPOOPERACAOID) VALUES (175, 2);
INSERT INTO REGAS(OPERACAOID, TIPOOPERACAOID) VALUES (176, 2);
INSERT INTO REGAS(OPERACAOID, TIPOOPERACAOID) VALUES (180, 2);

INSERT INTO COLHEITAS(OPERACAOID, TIPOOPERACAOID) VALUES (65, 7);
INSERT INTO COLHEITAS(OPERACAOID, TIPOOPERACAOID) VALUES (66, 7);
INSERT INTO COLHEITAS(OPERACAOID, TIPOOPERACAOID) VALUES (79, 7);
INSERT INTO COLHEITAS(OPERACAOID, TIPOOPERACAOID) VALUES (80, 7);
INSERT INTO COLHEITAS(OPERACAOID, TIPOOPERACAOID) VALUES (81, 7);
INSERT INTO COLHEITAS(OPERACAOID, TIPOOPERACAOID) VALUES (87, 7);
INSERT INTO COLHEITAS(OPERACAOID, TIPOOPERACAOID) VALUES (95, 7);
INSERT INTO COLHEITAS(OPERACAOID, TIPOOPERACAOID) VALUES (97, 7);
INSERT INTO COLHEITAS(OPERACAOID, TIPOOPERACAOID) VALUES (106, 7);
INSERT INTO COLHEITAS(OPERACAOID, TIPOOPERACAOID) VALUES (107, 7);
INSERT INTO COLHEITAS(OPERACAOID, TIPOOPERACAOID) VALUES (116, 7);
INSERT INTO COLHEITAS(OPERACAOID, TIPOOPERACAOID) VALUES (117, 7);
INSERT INTO COLHEITAS(OPERACAOID, TIPOOPERACAOID) VALUES (124, 7);
INSERT INTO COLHEITAS(OPERACAOID, TIPOOPERACAOID) VALUES (126, 7);
INSERT INTO COLHEITAS(OPERACAOID, TIPOOPERACAOID) VALUES (127, 7);
INSERT INTO COLHEITAS(OPERACAOID, TIPOOPERACAOID) VALUES (128, 7);
INSERT INTO COLHEITAS(OPERACAOID, TIPOOPERACAOID) VALUES (129, 7);
INSERT INTO COLHEITAS(OPERACAOID, TIPOOPERACAOID) VALUES (130, 7);
INSERT INTO COLHEITAS(OPERACAOID, TIPOOPERACAOID) VALUES (131, 7);
INSERT INTO COLHEITAS(OPERACAOID, TIPOOPERACAOID) VALUES (133, 7);
INSERT INTO COLHEITAS(OPERACAOID, TIPOOPERACAOID) VALUES (136, 7);
INSERT INTO COLHEITAS(OPERACAOID, TIPOOPERACAOID) VALUES (137, 7);
INSERT INTO COLHEITAS(OPERACAOID, TIPOOPERACAOID) VALUES (138, 7);
INSERT INTO COLHEITAS(OPERACAOID, TIPOOPERACAOID) VALUES (139, 7);
INSERT INTO COLHEITAS(OPERACAOID, TIPOOPERACAOID) VALUES (140, 7);
INSERT INTO COLHEITAS(OPERACAOID, TIPOOPERACAOID) VALUES (147, 7);
INSERT INTO COLHEITAS(OPERACAOID, TIPOOPERACAOID) VALUES (149, 7);
INSERT INTO COLHEITAS(OPERACAOID, TIPOOPERACAOID) VALUES (157, 7);
INSERT INTO COLHEITAS(OPERACAOID, TIPOOPERACAOID) VALUES (159, 7);
INSERT INTO COLHEITAS(OPERACAOID, TIPOOPERACAOID) VALUES (169, 7);
INSERT INTO COLHEITAS(OPERACAOID, TIPOOPERACAOID) VALUES (170, 7);
INSERT INTO COLHEITAS(OPERACAOID, TIPOOPERACAOID) VALUES (177, 7);
INSERT INTO COLHEITAS(OPERACAOID, TIPOOPERACAOID) VALUES (178, 7);
INSERT INTO COLHEITAS(OPERACAOID, TIPOOPERACAOID) VALUES (179, 7);
INSERT INTO COLHEITAS(OPERACAOID, TIPOOPERACAOID) VALUES (181, 7);
INSERT INTO COLHEITAS(OPERACAOID, TIPOOPERACAOID) VALUES (182, 7);
INSERT INTO COLHEITAS(OPERACAOID, TIPOOPERACAOID) VALUES (183, 7);
INSERT INTO COLHEITAS(OPERACAOID, TIPOOPERACAOID) VALUES (184, 7);
INSERT INTO COLHEITAS(OPERACAOID, TIPOOPERACAOID) VALUES (185, 7);
INSERT INTO COLHEITAS(OPERACAOID, TIPOOPERACAOID) VALUES (186, 7);
INSERT INTO COLHEITAS(OPERACAOID, TIPOOPERACAOID) VALUES (187, 7);
INSERT INTO COLHEITAS(OPERACAOID, TIPOOPERACAOID) VALUES (190, 7);
INSERT INTO COLHEITAS(OPERACAOID, TIPOOPERACAOID) VALUES (191, 7);
INSERT INTO COLHEITAS(OPERACAOID, TIPOOPERACAOID) VALUES (194, 7);
INSERT INTO COLHEITAS(OPERACAOID, TIPOOPERACAOID) VALUES (195, 7);
INSERT INTO COLHEITAS(OPERACAOID, TIPOOPERACAOID) VALUES (196, 7);
INSERT INTO COLHEITAS(OPERACAOID, TIPOOPERACAOID) VALUES (202, 7);
INSERT INTO COLHEITAS(OPERACAOID, TIPOOPERACAOID) VALUES (205, 7);

INSERT INTO PODAS(OPERACAOID, TIPOOPERACAOID) VALUES (13, 3);
INSERT INTO PODAS(OPERACAOID, TIPOOPERACAOID) VALUES (14, 3);
INSERT INTO PODAS(OPERACAOID, TIPOOPERACAOID) VALUES (17, 3);
INSERT INTO PODAS(OPERACAOID, TIPOOPERACAOID) VALUES (18, 3);
INSERT INTO PODAS(OPERACAOID, TIPOOPERACAOID) VALUES (19, 3);
INSERT INTO PODAS(OPERACAOID, TIPOOPERACAOID) VALUES (35, 3);
INSERT INTO PODAS(OPERACAOID, TIPOOPERACAOID) VALUES (36, 3);
INSERT INTO PODAS(OPERACAOID, TIPOOPERACAOID) VALUES (38, 3);
INSERT INTO PODAS(OPERACAOID, TIPOOPERACAOID) VALUES (39, 3);
INSERT INTO PODAS(OPERACAOID, TIPOOPERACAOID) VALUES (40, 3);
INSERT INTO PODAS(OPERACAOID, TIPOOPERACAOID) VALUES (41, 3);
INSERT INTO PODAS(OPERACAOID, TIPOOPERACAOID) VALUES (42, 3);
INSERT INTO PODAS(OPERACAOID, TIPOOPERACAOID) VALUES (56, 3);
INSERT INTO PODAS(OPERACAOID, TIPOOPERACAOID) VALUES (57, 3);
INSERT INTO PODAS(OPERACAOID, TIPOOPERACAOID) VALUES (58, 3);
INSERT INTO PODAS(OPERACAOID, TIPOOPERACAOID) VALUES (59, 3);
INSERT INTO PODAS(OPERACAOID, TIPOOPERACAOID) VALUES (85, 3);
INSERT INTO PODAS(OPERACAOID, TIPOOPERACAOID) VALUES (86, 3);
INSERT INTO PODAS(OPERACAOID, TIPOOPERACAOID) VALUES (88, 3);
INSERT INTO PODAS(OPERACAOID, TIPOOPERACAOID) VALUES (89, 3);
INSERT INTO PODAS(OPERACAOID, TIPOOPERACAOID) VALUES (92, 3);
INSERT INTO PODAS(OPERACAOID, TIPOOPERACAOID) VALUES (93, 3);
INSERT INTO PODAS(OPERACAOID, TIPOOPERACAOID) VALUES (94, 3);
INSERT INTO PODAS(OPERACAOID, TIPOOPERACAOID) VALUES (96, 3);
INSERT INTO PODAS(OPERACAOID, TIPOOPERACAOID) VALUES (141, 3);
INSERT INTO PODAS(OPERACAOID, TIPOOPERACAOID) VALUES (142, 3);
INSERT INTO PODAS(OPERACAOID, TIPOOPERACAOID) VALUES (143, 3);
INSERT INTO PODAS(OPERACAOID, TIPOOPERACAOID) VALUES (144, 3);
INSERT INTO PODAS(OPERACAOID, TIPOOPERACAOID) VALUES (145, 3);
INSERT INTO PODAS(OPERACAOID, TIPOOPERACAOID) VALUES (146, 3);
INSERT INTO PODAS(OPERACAOID, TIPOOPERACAOID) VALUES (148, 3);
INSERT INTO PODAS(OPERACAOID, TIPOOPERACAOID) VALUES (192, 3);
INSERT INTO PODAS(OPERACAOID, TIPOOPERACAOID) VALUES (193, 3);
INSERT INTO PODAS(OPERACAOID, TIPOOPERACAOID) VALUES (197, 3);
INSERT INTO PODAS(OPERACAOID, TIPOOPERACAOID) VALUES (198, 3);
INSERT INTO PODAS(OPERACAOID, TIPOOPERACAOID) VALUES (201, 3);
INSERT INTO PODAS(OPERACAOID, TIPOOPERACAOID) VALUES (203, 3);
INSERT INTO PODAS(OPERACAOID, TIPOOPERACAOID) VALUES (204, 3);

INSERT INTO FICHAS_TECNICAS(idFichaTecnica) VALUES (0);

INSERT INTO FORMULACOES(idFormulacao, formato, tipo) VALUES (0, 'default', 'default');
INSERT INTO FORMULACOES(idFormulacao, formato, tipo) VALUES (1, 'PÓ MOLHÁVEL', 'FITOFÁRMACO');
INSERT INTO FORMULACOES(idFormulacao, formato, tipo) VALUES (2, 'GRANULADO', 'ADUBO');
INSERT INTO FORMULACOES(idFormulacao, formato, tipo) VALUES (3, 'GRANULADO', 'CORRETOR');
INSERT INTO FORMULACOES(idFormulacao, formato, tipo) VALUES (4, 'PÓ', 'CORRETOR');
INSERT INTO FORMULACOES(idFormulacao, formato, tipo) VALUES (5, 'LÍQUIDO', 'FITOFÁRMACO');
INSERT INTO FORMULACOES(idFormulacao, formato, tipo) VALUES (6, 'EMULSÃO DE ÓLEO EM ÁGUA', 'FITOFÁRMACO');

INSERT INTO FATORES_PRODUCAO(idFatorProducao, FORMULACAOID, FICHATECNICAID, nomeComercial, fabricante, classificacao) VALUES (0, 0, 0, 'default', 'default', 'default');
INSERT INTO FATORES_PRODUCAO(idFatorProducao, FORMULACAOID, FICHATECNICAID, nomeComercial, fabricante, classificacao) VALUES (1, 1, 0, 'CALDA BORDALESA ASCENZA', 'ASCENZA', 'NA');
INSERT INTO FATORES_PRODUCAO(idFatorProducao, FORMULACAOID, FICHATECNICAID, nomeComercial, fabricante, classificacao) VALUES (2, 1, 0, 'ENXOFRE BAYER 80 WG', 'BAYER', 'NA');
INSERT INTO FATORES_PRODUCAO(idFatorProducao, FORMULACAOID, FICHATECNICAID, nomeComercial, fabricante, classificacao) VALUES (3, 2, 0, 'PATENTKALI', 'K+S', 'NA');
INSERT INTO FATORES_PRODUCAO(idFatorProducao, FORMULACAOID, FICHATECNICAID, nomeComercial, fabricante, classificacao) VALUES (4, 2, 0, 'ESTA KIESERIT', 'K+S', 'NA');
INSERT INTO FATORES_PRODUCAO(idFatorProducao, FORMULACAOID, FICHATECNICAID, nomeComercial, fabricante, classificacao) VALUES (5, 2, 0, 'EPSO MICROTOP', 'K+S', 'NA');
INSERT INTO FATORES_PRODUCAO(idFatorProducao, FORMULACAOID, FICHATECNICAID, nomeComercial, fabricante, classificacao) VALUES (6, 2, 0, 'EPSO TOP', 'K+S', 'NA');
INSERT INTO FATORES_PRODUCAO(idFatorProducao, FORMULACAOID, FICHATECNICAID, nomeComercial, fabricante, classificacao) VALUES (7, 3, 0, 'BIOCAL CACO3', 'BIOCAL', 'NA');
INSERT INTO FATORES_PRODUCAO(idFatorProducao, FORMULACAOID, FICHATECNICAID, nomeComercial, fabricante, classificacao) VALUES (8, 4, 0, 'BIOCAL COMPOSTO', 'BIOCAL', 'NA');
INSERT INTO FATORES_PRODUCAO(idFatorProducao, FORMULACAOID, FICHATECNICAID, nomeComercial, fabricante, classificacao) VALUES (9, 5, 0, 'SONATA', 'BAYER', 'NA');
INSERT INTO FATORES_PRODUCAO(idFatorProducao, FORMULACAOID, FICHATECNICAID, nomeComercial, fabricante, classificacao) VALUES (10, 6, 0, 'FLIPPER ', 'BAYER', 'NA');
INSERT INTO FATORES_PRODUCAO(idFatorProducao, FORMULACAOID, FICHATECNICAID, nomeComercial, fabricante, classificacao) VALUES (11, 5, 0, 'REQUIEM PRIME', 'BAYER', 'NA');

INSERT INTO APLICACOES_FATORES_PRODUCAO(OPERACAOID, FATORPRODUCAOID, TIPOOPERACAOID) VALUES (15, 3, 4);
INSERT INTO APLICACOES_FATORES_PRODUCAO(OPERACAOID, FATORPRODUCAOID, TIPOOPERACAOID) VALUES (16, 3, 4);
INSERT INTO APLICACOES_FATORES_PRODUCAO(OPERACAOID, FATORPRODUCAOID, TIPOOPERACAOID) VALUES (22, 4, 4);
INSERT INTO APLICACOES_FATORES_PRODUCAO(OPERACAOID, FATORPRODUCAOID, TIPOOPERACAOID) VALUES (23, 4, 4);
INSERT INTO APLICACOES_FATORES_PRODUCAO(OPERACAOID, FATORPRODUCAOID, TIPOOPERACAOID) VALUES (24, 4, 4);
INSERT INTO APLICACOES_FATORES_PRODUCAO(OPERACAOID, FATORPRODUCAOID, TIPOOPERACAOID) VALUES (43, 1, 5);
INSERT INTO APLICACOES_FATORES_PRODUCAO(OPERACAOID, FATORPRODUCAOID, TIPOOPERACAOID) VALUES (44, 1, 5);
INSERT INTO APLICACOES_FATORES_PRODUCAO(OPERACAOID, FATORPRODUCAOID, TIPOOPERACAOID) VALUES (45, 4, 4);
INSERT INTO APLICACOES_FATORES_PRODUCAO(OPERACAOID, FATORPRODUCAOID, TIPOOPERACAOID) VALUES (46, 4, 4);
INSERT INTO APLICACOES_FATORES_PRODUCAO(OPERACAOID, FATORPRODUCAOID, TIPOOPERACAOID) VALUES (47, 4, 4);
INSERT INTO APLICACOES_FATORES_PRODUCAO(OPERACAOID, FATORPRODUCAOID, TIPOOPERACAOID) VALUES (60, 1, 5);
INSERT INTO APLICACOES_FATORES_PRODUCAO(OPERACAOID, FATORPRODUCAOID, TIPOOPERACAOID) VALUES (61, 1, 5);
INSERT INTO APLICACOES_FATORES_PRODUCAO(OPERACAOID, FATORPRODUCAOID, TIPOOPERACAOID) VALUES (63, 8, 4);
INSERT INTO APLICACOES_FATORES_PRODUCAO(OPERACAOID, FATORPRODUCAOID, TIPOOPERACAOID) VALUES (90, 3, 4);
INSERT INTO APLICACOES_FATORES_PRODUCAO(OPERACAOID, FATORPRODUCAOID, TIPOOPERACAOID) VALUES (91, 3, 4);
INSERT INTO APLICACOES_FATORES_PRODUCAO(OPERACAOID, FATORPRODUCAOID, TIPOOPERACAOID) VALUES (98, 1, 5);
INSERT INTO APLICACOES_FATORES_PRODUCAO(OPERACAOID, FATORPRODUCAOID, TIPOOPERACAOID) VALUES (99, 1, 5);
INSERT INTO APLICACOES_FATORES_PRODUCAO(OPERACAOID, FATORPRODUCAOID, TIPOOPERACAOID) VALUES (105, 5, 9);
INSERT INTO APLICACOES_FATORES_PRODUCAO(OPERACAOID, FATORPRODUCAOID, TIPOOPERACAOID) VALUES (150, 1, 5);
INSERT INTO APLICACOES_FATORES_PRODUCAO(OPERACAOID, FATORPRODUCAOID, TIPOOPERACAOID) VALUES (151, 1, 5);
INSERT INTO APLICACOES_FATORES_PRODUCAO(OPERACAOID, FATORPRODUCAOID, TIPOOPERACAOID) VALUES (158, 5, 9);
INSERT INTO APLICACOES_FATORES_PRODUCAO(OPERACAOID, FATORPRODUCAOID, TIPOOPERACAOID) VALUES (199, 3, 4);
INSERT INTO APLICACOES_FATORES_PRODUCAO(OPERACAOID, FATORPRODUCAOID, TIPOOPERACAOID) VALUES (200, 3, 4);
INSERT INTO APLICACOES_FATORES_PRODUCAO(OPERACAOID, FATORPRODUCAOID, TIPOOPERACAOID) VALUES (206, 1, 5);
INSERT INTO APLICACOES_FATORES_PRODUCAO(OPERACAOID, FATORPRODUCAOID, TIPOOPERACAOID) VALUES (207, 1, 5);

INSERT INTO CICLOS(CULTURAID, TIPOSOPERACOESID, inicio, fim, UNIDADES_MEDIDAidUnidadeMedida) VALUES (1, 3, 11, 12, 'mes');
INSERT INTO CICLOS(CULTURAID, TIPOSOPERACOESID, inicio, fim, UNIDADES_MEDIDAidUnidadeMedida) VALUES (1, 10, 2, 3, 'mes');
INSERT INTO CICLOS(CULTURAID, TIPOSOPERACOESID, inicio, fim, UNIDADES_MEDIDAidUnidadeMedida) VALUES (1, 7, 7, 8, 'mes');
INSERT INTO CICLOS(CULTURAID, TIPOSOPERACOESID, inicio, fim, UNIDADES_MEDIDAidUnidadeMedida) VALUES (2, 3, 11, 12, 'mes');
INSERT INTO CICLOS(CULTURAID, TIPOSOPERACOESID, inicio, fim, UNIDADES_MEDIDAidUnidadeMedida) VALUES (2, 10, 2, 3, 'mes');
INSERT INTO CICLOS(CULTURAID, TIPOSOPERACOESID, inicio, fim, UNIDADES_MEDIDAidUnidadeMedida) VALUES (2, 7, 7, 8, 'mes');
INSERT INTO CICLOS(CULTURAID, TIPOSOPERACOESID, inicio, fim, UNIDADES_MEDIDAidUnidadeMedida) VALUES (3, 3, 11, 12, 'mes');
INSERT INTO CICLOS(CULTURAID, TIPOSOPERACOESID, inicio, fim, UNIDADES_MEDIDAidUnidadeMedida) VALUES (3, 10, 2, 3, 'mes');
INSERT INTO CICLOS(CULTURAID, TIPOSOPERACOESID, inicio, fim, UNIDADES_MEDIDAidUnidadeMedida) VALUES (3, 7, 7, 8, 'mes');
INSERT INTO CICLOS(CULTURAID, TIPOSOPERACOESID, inicio, fim, UNIDADES_MEDIDAidUnidadeMedida) VALUES (4, 3, 11, 12, 'mes');
INSERT INTO CICLOS(CULTURAID, TIPOSOPERACOESID, inicio, fim, UNIDADES_MEDIDAidUnidadeMedida) VALUES (4, 10, 2, 3, 'mes');
INSERT INTO CICLOS(CULTURAID, TIPOSOPERACOESID, inicio, fim, UNIDADES_MEDIDAidUnidadeMedida) VALUES (4, 7, 7, 8, 'mes');
INSERT INTO CICLOS(CULTURAID, TIPOSOPERACOESID, inicio, fim, UNIDADES_MEDIDAidUnidadeMedida) VALUES (5, 3, 11, 12, 'mes');
INSERT INTO CICLOS(CULTURAID, TIPOSOPERACOESID, inicio, fim, UNIDADES_MEDIDAidUnidadeMedida) VALUES (5, 10, 2, 3, 'mes');
INSERT INTO CICLOS(CULTURAID, TIPOSOPERACOESID, inicio, fim, UNIDADES_MEDIDAidUnidadeMedida) VALUES (5, 7, 7, 8, 'mes');
INSERT INTO CICLOS(CULTURAID, TIPOSOPERACOESID, inicio, fim, UNIDADES_MEDIDAidUnidadeMedida) VALUES (6, 3, 11, 12, 'mes');
INSERT INTO CICLOS(CULTURAID, TIPOSOPERACOESID, inicio, fim, UNIDADES_MEDIDAidUnidadeMedida) VALUES (6, 10, 2, 3, 'mes');
INSERT INTO CICLOS(CULTURAID, TIPOSOPERACOESID, inicio, fim, UNIDADES_MEDIDAidUnidadeMedida) VALUES (6, 7, 7, 8, 'mes');
INSERT INTO CICLOS(CULTURAID, TIPOSOPERACOESID, inicio, fim, UNIDADES_MEDIDAidUnidadeMedida) VALUES (7, 3, 11, 12, 'mes');
INSERT INTO CICLOS(CULTURAID, TIPOSOPERACOESID, inicio, fim, UNIDADES_MEDIDAidUnidadeMedida) VALUES (7, 10, 2, 3, 'mes');
INSERT INTO CICLOS(CULTURAID, TIPOSOPERACOESID, inicio, fim, UNIDADES_MEDIDAidUnidadeMedida) VALUES (7, 7, 7, 8, 'mes');
INSERT INTO CICLOS(CULTURAID, TIPOSOPERACOESID, inicio, fim, UNIDADES_MEDIDAidUnidadeMedida) VALUES (8, 3, 11, 12, 'mes');
INSERT INTO CICLOS(CULTURAID, TIPOSOPERACOESID, inicio, fim, UNIDADES_MEDIDAidUnidadeMedida) VALUES (8, 10, 2, 3, 'mes');
INSERT INTO CICLOS(CULTURAID, TIPOSOPERACOESID, inicio, fim, UNIDADES_MEDIDAidUnidadeMedida) VALUES (8, 7, 7, 8, 'mes');
INSERT INTO CICLOS(CULTURAID, TIPOSOPERACOESID, inicio, fim, UNIDADES_MEDIDAidUnidadeMedida) VALUES (9, 3, 11, 12, 'mes');
INSERT INTO CICLOS(CULTURAID, TIPOSOPERACOESID, inicio, fim, UNIDADES_MEDIDAidUnidadeMedida) VALUES (9, 10, 2, 3, 'mes');
INSERT INTO CICLOS(CULTURAID, TIPOSOPERACOESID, inicio, fim, UNIDADES_MEDIDAidUnidadeMedida) VALUES (9, 7, 7, 8, 'mes');
INSERT INTO CICLOS(CULTURAID, TIPOSOPERACOESID, inicio, fim, UNIDADES_MEDIDAidUnidadeMedida) VALUES (10, 3, 11, 12, 'mes');
INSERT INTO CICLOS(CULTURAID, TIPOSOPERACOESID, inicio, fim, UNIDADES_MEDIDAidUnidadeMedida) VALUES (10, 10, 2, 3, 'mes');
INSERT INTO CICLOS(CULTURAID, TIPOSOPERACOESID, inicio, fim, UNIDADES_MEDIDAidUnidadeMedida) VALUES (10, 7, 7, 8, 'mes');
INSERT INTO CICLOS(CULTURAID, TIPOSOPERACOESID, inicio, fim, UNIDADES_MEDIDAidUnidadeMedida) VALUES (11, 3, 11, 12, 'mes');
INSERT INTO CICLOS(CULTURAID, TIPOSOPERACOESID, inicio, fim, UNIDADES_MEDIDAidUnidadeMedida) VALUES (11, 10, 2, 3, 'mes');
INSERT INTO CICLOS(CULTURAID, TIPOSOPERACOESID, inicio, fim, UNIDADES_MEDIDAidUnidadeMedida) VALUES (11, 7, 7, 8, 'mes');
INSERT INTO CICLOS(CULTURAID, TIPOSOPERACOESID, inicio, fim, UNIDADES_MEDIDAidUnidadeMedida) VALUES (12, 3, 11, 12, 'mes');
INSERT INTO CICLOS(CULTURAID, TIPOSOPERACOESID, inicio, fim, UNIDADES_MEDIDAidUnidadeMedida) VALUES (12, 10, 2, 3, 'mes');
INSERT INTO CICLOS(CULTURAID, TIPOSOPERACOESID, inicio, fim, UNIDADES_MEDIDAidUnidadeMedida) VALUES (12, 7, 7, 8, 'mes');
INSERT INTO CICLOS(CULTURAID, TIPOSOPERACOESID, inicio, fim, UNIDADES_MEDIDAidUnidadeMedida) VALUES (13, 3, 11, 12, 'mes');
INSERT INTO CICLOS(CULTURAID, TIPOSOPERACOESID, inicio, fim, UNIDADES_MEDIDAidUnidadeMedida) VALUES (13, 10, 2, 3, 'mes');
INSERT INTO CICLOS(CULTURAID, TIPOSOPERACOESID, inicio, fim, UNIDADES_MEDIDAidUnidadeMedida) VALUES (13, 7, 7, 8, 'mes');
INSERT INTO CICLOS(CULTURAID, TIPOSOPERACOESID, inicio, fim, UNIDADES_MEDIDAidUnidadeMedida) VALUES (14, 3, 11, 12, 'mes');
INSERT INTO CICLOS(CULTURAID, TIPOSOPERACOESID, inicio, fim, UNIDADES_MEDIDAidUnidadeMedida) VALUES (14, 10, 2, 3, 'mes');
INSERT INTO CICLOS(CULTURAID, TIPOSOPERACOESID, inicio, fim, UNIDADES_MEDIDAidUnidadeMedida) VALUES (14, 7, 7, 8, 'mes');
INSERT INTO CICLOS(CULTURAID, TIPOSOPERACOESID, inicio, fim, UNIDADES_MEDIDAidUnidadeMedida) VALUES (15, 3, 11, 12, 'mes');
INSERT INTO CICLOS(CULTURAID, TIPOSOPERACOESID, inicio, fim, UNIDADES_MEDIDAidUnidadeMedida) VALUES (15, 10, 2, 3, 'mes');
INSERT INTO CICLOS(CULTURAID, TIPOSOPERACOESID, inicio, fim, UNIDADES_MEDIDAidUnidadeMedida) VALUES (15, 7, 7, 8, 'mes');
INSERT INTO CICLOS(CULTURAID, TIPOSOPERACOESID, inicio, fim, UNIDADES_MEDIDAidUnidadeMedida) VALUES (16, 3, 11, 12, 'mes');
INSERT INTO CICLOS(CULTURAID, TIPOSOPERACOESID, inicio, fim, UNIDADES_MEDIDAidUnidadeMedida) VALUES (16, 10, 2, 3, 'mes');
INSERT INTO CICLOS(CULTURAID, TIPOSOPERACOESID, inicio, fim, UNIDADES_MEDIDAidUnidadeMedida) VALUES (16, 7, 7, 8, 'mes');
INSERT INTO CICLOS(CULTURAID, TIPOSOPERACOESID, inicio, fim, UNIDADES_MEDIDAidUnidadeMedida) VALUES (17, 3, 11, 12, 'mes');
INSERT INTO CICLOS(CULTURAID, TIPOSOPERACOESID, inicio, fim, UNIDADES_MEDIDAidUnidadeMedida) VALUES (17, 10, 2, 3, 'mes');
INSERT INTO CICLOS(CULTURAID, TIPOSOPERACOESID, inicio, fim, UNIDADES_MEDIDAidUnidadeMedida) VALUES (17, 7, 7, 8, 'mes');
INSERT INTO CICLOS(CULTURAID, TIPOSOPERACOESID, inicio, fim, UNIDADES_MEDIDAidUnidadeMedida) VALUES (18, 3, 11, 12, 'mes');
INSERT INTO CICLOS(CULTURAID, TIPOSOPERACOESID, inicio, fim, UNIDADES_MEDIDAidUnidadeMedida) VALUES (18, 10, 2, 3, 'mes');
INSERT INTO CICLOS(CULTURAID, TIPOSOPERACOESID, inicio, fim, UNIDADES_MEDIDAidUnidadeMedida) VALUES (18, 7, 7, 8, 'mes');
INSERT INTO CICLOS(CULTURAID, TIPOSOPERACOESID, inicio, fim, UNIDADES_MEDIDAidUnidadeMedida) VALUES (19, 3, 11, 12, 'mes');
INSERT INTO CICLOS(CULTURAID, TIPOSOPERACOESID, inicio, fim, UNIDADES_MEDIDAidUnidadeMedida) VALUES (19, 10, 2, 3, 'mes');
INSERT INTO CICLOS(CULTURAID, TIPOSOPERACOESID, inicio, fim, UNIDADES_MEDIDAidUnidadeMedida) VALUES (19, 7, 7, 8, 'mes');
INSERT INTO CICLOS(CULTURAID, TIPOSOPERACOESID, inicio, fim, UNIDADES_MEDIDAidUnidadeMedida) VALUES (20, 3, 11, 12, 'mes');
INSERT INTO CICLOS(CULTURAID, TIPOSOPERACOESID, inicio, fim, UNIDADES_MEDIDAidUnidadeMedida) VALUES (20, 10, 2, 3, 'mes');
INSERT INTO CICLOS(CULTURAID, TIPOSOPERACOESID, inicio, fim, UNIDADES_MEDIDAidUnidadeMedida) VALUES (20, 7, 7, 8, 'mes');
INSERT INTO CICLOS(CULTURAID, TIPOSOPERACOESID, inicio, fim, UNIDADES_MEDIDAidUnidadeMedida) VALUES (21, 3, 11, 12, 'mes');
INSERT INTO CICLOS(CULTURAID, TIPOSOPERACOESID, inicio, fim, UNIDADES_MEDIDAidUnidadeMedida) VALUES (21, 10, 2, 3, 'mes');
INSERT INTO CICLOS(CULTURAID, TIPOSOPERACOESID, inicio, fim, UNIDADES_MEDIDAidUnidadeMedida) VALUES (21, 7, 7, 8, 'mes');
INSERT INTO CICLOS(CULTURAID, TIPOSOPERACOESID, inicio, fim, UNIDADES_MEDIDAidUnidadeMedida) VALUES (22, 3, 11, 12, 'mes');
INSERT INTO CICLOS(CULTURAID, TIPOSOPERACOESID, inicio, fim, UNIDADES_MEDIDAidUnidadeMedida) VALUES (22, 10, 2, 3, 'mes');
INSERT INTO CICLOS(CULTURAID, TIPOSOPERACOESID, inicio, fim, UNIDADES_MEDIDAidUnidadeMedida) VALUES (22, 7, 7, 8, 'mes');
INSERT INTO CICLOS(CULTURAID, TIPOSOPERACOESID, inicio, fim, UNIDADES_MEDIDAidUnidadeMedida) VALUES (23, 3, 11, 12, 'mes');
INSERT INTO CICLOS(CULTURAID, TIPOSOPERACOESID, inicio, fim, UNIDADES_MEDIDAidUnidadeMedida) VALUES (23, 10, 2, 3, 'mes');
INSERT INTO CICLOS(CULTURAID, TIPOSOPERACOESID, inicio, fim, UNIDADES_MEDIDAidUnidadeMedida) VALUES (23, 7, 7, 8, 'mes');
INSERT INTO CICLOS(CULTURAID, TIPOSOPERACOESID, inicio, fim, UNIDADES_MEDIDAidUnidadeMedida) VALUES (24, 3, 11, 12, 'mes');
INSERT INTO CICLOS(CULTURAID, TIPOSOPERACOESID, inicio, fim, UNIDADES_MEDIDAidUnidadeMedida) VALUES (24, 10, 2, 3, 'mes');
INSERT INTO CICLOS(CULTURAID, TIPOSOPERACOESID, inicio, fim, UNIDADES_MEDIDAidUnidadeMedida) VALUES (24, 7, 7, 8, 'mes');
INSERT INTO CICLOS(CULTURAID, TIPOSOPERACOESID, inicio, fim, UNIDADES_MEDIDAidUnidadeMedida) VALUES (25, 3, 11, 12, 'mes');
INSERT INTO CICLOS(CULTURAID, TIPOSOPERACOESID, inicio, fim, UNIDADES_MEDIDAidUnidadeMedida) VALUES (25, 10, 2, 3, 'mes');
INSERT INTO CICLOS(CULTURAID, TIPOSOPERACOESID, inicio, fim, UNIDADES_MEDIDAidUnidadeMedida) VALUES (25, 7, 7, 8, 'mes');
INSERT INTO CICLOS(CULTURAID, TIPOSOPERACOESID, inicio, fim, UNIDADES_MEDIDAidUnidadeMedida) VALUES (26, 3, 11, 12, 'mes');
INSERT INTO CICLOS(CULTURAID, TIPOSOPERACOESID, inicio, fim, UNIDADES_MEDIDAidUnidadeMedida) VALUES (26, 10, 2, 3, 'mes');
INSERT INTO CICLOS(CULTURAID, TIPOSOPERACOESID, inicio, fim, UNIDADES_MEDIDAidUnidadeMedida) VALUES (26, 7, 7, 8, 'mes');
INSERT INTO CICLOS(CULTURAID, TIPOSOPERACOESID, inicio, fim, UNIDADES_MEDIDAidUnidadeMedida) VALUES (27, 3, 11, 12, 'mes');
INSERT INTO CICLOS(CULTURAID, TIPOSOPERACOESID, inicio, fim, UNIDADES_MEDIDAidUnidadeMedida) VALUES (27, 10, 2, 3, 'mes');
INSERT INTO CICLOS(CULTURAID, TIPOSOPERACOESID, inicio, fim, UNIDADES_MEDIDAidUnidadeMedida) VALUES (27, 7, 7, 8, 'mes');
INSERT INTO CICLOS(CULTURAID, TIPOSOPERACOESID, inicio, fim, UNIDADES_MEDIDAidUnidadeMedida) VALUES (28, 3, 11, 12, 'mes');
INSERT INTO CICLOS(CULTURAID, TIPOSOPERACOESID, inicio, fim, UNIDADES_MEDIDAidUnidadeMedida) VALUES (28, 10, 2, 3, 'mes');
INSERT INTO CICLOS(CULTURAID, TIPOSOPERACOESID, inicio, fim, UNIDADES_MEDIDAidUnidadeMedida) VALUES (28, 7, 7, 8, 'mes');
INSERT INTO CICLOS(CULTURAID, TIPOSOPERACOESID, inicio, fim, UNIDADES_MEDIDAidUnidadeMedida) VALUES (29, 3, 11, 12, 'mes');
INSERT INTO CICLOS(CULTURAID, TIPOSOPERACOESID, inicio, fim, UNIDADES_MEDIDAidUnidadeMedida) VALUES (29, 10, 2, 3, 'mes');
INSERT INTO CICLOS(CULTURAID, TIPOSOPERACOESID, inicio, fim, UNIDADES_MEDIDAidUnidadeMedida) VALUES (29, 7, 7, 8, 'mes');
INSERT INTO CICLOS(CULTURAID, TIPOSOPERACOESID, inicio, fim, UNIDADES_MEDIDAidUnidadeMedida) VALUES (30, 3, 11, 12, 'mes');
INSERT INTO CICLOS(CULTURAID, TIPOSOPERACOESID, inicio, fim, UNIDADES_MEDIDAidUnidadeMedida) VALUES (30, 10, 2, 3, 'mes');
INSERT INTO CICLOS(CULTURAID, TIPOSOPERACOESID, inicio, fim, UNIDADES_MEDIDAidUnidadeMedida) VALUES (30, 7, 7, 8, 'mes');
INSERT INTO CICLOS(CULTURAID, TIPOSOPERACOESID, inicio, fim, UNIDADES_MEDIDAidUnidadeMedida) VALUES (31, 3, 11, 12, 'mes');
INSERT INTO CICLOS(CULTURAID, TIPOSOPERACOESID, inicio, fim, UNIDADES_MEDIDAidUnidadeMedida) VALUES (31, 10, 2, 3, 'mes');
INSERT INTO CICLOS(CULTURAID, TIPOSOPERACOESID, inicio, fim, UNIDADES_MEDIDAidUnidadeMedida) VALUES (31, 7, 7, 8, 'mes');
INSERT INTO CICLOS(CULTURAID, TIPOSOPERACOESID, inicio, fim, UNIDADES_MEDIDAidUnidadeMedida) VALUES (32, 3, 11, 12, 'mes');
INSERT INTO CICLOS(CULTURAID, TIPOSOPERACOESID, inicio, fim, UNIDADES_MEDIDAidUnidadeMedida) VALUES (32, 10, 3, 4, 'mes');
INSERT INTO CICLOS(CULTURAID, TIPOSOPERACOESID, inicio, fim, UNIDADES_MEDIDAidUnidadeMedida) VALUES (32, 7, 8, 9, 'mes');
INSERT INTO CICLOS(CULTURAID, TIPOSOPERACOESID, inicio, fim, UNIDADES_MEDIDAidUnidadeMedida) VALUES (33, 3, 11, 12, 'mes');
INSERT INTO CICLOS(CULTURAID, TIPOSOPERACOESID, inicio, fim, UNIDADES_MEDIDAidUnidadeMedida) VALUES (33, 10, 3, 4, 'mes');
INSERT INTO CICLOS(CULTURAID, TIPOSOPERACOESID, inicio, fim, UNIDADES_MEDIDAidUnidadeMedida) VALUES (33, 7, 8, 9, 'mes');
INSERT INTO CICLOS(CULTURAID, TIPOSOPERACOESID, inicio, fim, UNIDADES_MEDIDAidUnidadeMedida) VALUES (34, 3, 11, 12, 'mes');
INSERT INTO CICLOS(CULTURAID, TIPOSOPERACOESID, inicio, fim, UNIDADES_MEDIDAidUnidadeMedida) VALUES (34, 10, 3, 4, 'mes');
INSERT INTO CICLOS(CULTURAID, TIPOSOPERACOESID, inicio, fim, UNIDADES_MEDIDAidUnidadeMedida) VALUES (34, 7, 8, 9, 'mes');
INSERT INTO CICLOS(CULTURAID, TIPOSOPERACOESID, inicio, fim, UNIDADES_MEDIDAidUnidadeMedida) VALUES (35, 3, 11, 12, 'mes');
INSERT INTO CICLOS(CULTURAID, TIPOSOPERACOESID, inicio, fim, UNIDADES_MEDIDAidUnidadeMedida) VALUES (35, 10, 3, 4, 'mes');
INSERT INTO CICLOS(CULTURAID, TIPOSOPERACOESID, inicio, fim, UNIDADES_MEDIDAidUnidadeMedida) VALUES (35, 7, 8, 9, 'mes');
INSERT INTO CICLOS(CULTURAID, TIPOSOPERACOESID, inicio, fim, UNIDADES_MEDIDAidUnidadeMedida) VALUES (36, 3, 11, 12, 'mes');
INSERT INTO CICLOS(CULTURAID, TIPOSOPERACOESID, inicio, fim, UNIDADES_MEDIDAidUnidadeMedida) VALUES (36, 10, 3, 4, 'mes');
INSERT INTO CICLOS(CULTURAID, TIPOSOPERACOESID, inicio, fim, UNIDADES_MEDIDAidUnidadeMedida) VALUES (36, 7, 8, 9, 'mes');
INSERT INTO CICLOS(CULTURAID, TIPOSOPERACOESID, inicio, fim, UNIDADES_MEDIDAidUnidadeMedida) VALUES (37, 3, 11, 12, 'mes');
INSERT INTO CICLOS(CULTURAID, TIPOSOPERACOESID, inicio, fim, UNIDADES_MEDIDAidUnidadeMedida) VALUES (37, 10, 3, 4, 'mes');
INSERT INTO CICLOS(CULTURAID, TIPOSOPERACOESID, inicio, fim, UNIDADES_MEDIDAidUnidadeMedida) VALUES (37, 7, 8, 9, 'mes');
INSERT INTO CICLOS(CULTURAID, TIPOSOPERACOESID, inicio, fim, UNIDADES_MEDIDAidUnidadeMedida) VALUES (38, 3, 11, 12, 'mes');
INSERT INTO CICLOS(CULTURAID, TIPOSOPERACOESID, inicio, fim, UNIDADES_MEDIDAidUnidadeMedida) VALUES (38, 10, 3, 4, 'mes');
INSERT INTO CICLOS(CULTURAID, TIPOSOPERACOESID, inicio, fim, UNIDADES_MEDIDAidUnidadeMedida) VALUES (38, 7, 8, 9, 'mes');
INSERT INTO CICLOS(CULTURAID, TIPOSOPERACOESID, inicio, fim, UNIDADES_MEDIDAidUnidadeMedida) VALUES (39, 3, 11, 12, 'mes');
INSERT INTO CICLOS(CULTURAID, TIPOSOPERACOESID, inicio, fim, UNIDADES_MEDIDAidUnidadeMedida) VALUES (39, 10, 3, 4, 'mes');
INSERT INTO CICLOS(CULTURAID, TIPOSOPERACOESID, inicio, fim, UNIDADES_MEDIDAidUnidadeMedida) VALUES (39, 7, 8, 9, 'mes');
INSERT INTO CICLOS(CULTURAID, TIPOSOPERACOESID, inicio, fim, UNIDADES_MEDIDAidUnidadeMedida) VALUES (40, 3, 11, 12, 'mes');
INSERT INTO CICLOS(CULTURAID, TIPOSOPERACOESID, inicio, fim, UNIDADES_MEDIDAidUnidadeMedida) VALUES (40, 10, 3, 4, 'mes');
INSERT INTO CICLOS(CULTURAID, TIPOSOPERACOESID, inicio, fim, UNIDADES_MEDIDAidUnidadeMedida) VALUES (40, 7, 8, 9, 'mes');
INSERT INTO CICLOS(CULTURAID, TIPOSOPERACOESID, inicio, fim, UNIDADES_MEDIDAidUnidadeMedida) VALUES (41, 3, 11, 12, 'mes');
INSERT INTO CICLOS(CULTURAID, TIPOSOPERACOESID, inicio, fim, UNIDADES_MEDIDAidUnidadeMedida) VALUES (41, 10, 3, 4, 'mes');
INSERT INTO CICLOS(CULTURAID, TIPOSOPERACOESID, inicio, fim, UNIDADES_MEDIDAidUnidadeMedida) VALUES (41, 7, 8, 9, 'mes');
INSERT INTO CICLOS(CULTURAID, TIPOSOPERACOESID, inicio, fim, UNIDADES_MEDIDAidUnidadeMedida) VALUES (42, 3, 11, 12, 'mes');
INSERT INTO CICLOS(CULTURAID, TIPOSOPERACOESID, inicio, fim, UNIDADES_MEDIDAidUnidadeMedida) VALUES (42, 10, 3, 4, 'mes');
INSERT INTO CICLOS(CULTURAID, TIPOSOPERACOESID, inicio, fim, UNIDADES_MEDIDAidUnidadeMedida) VALUES (42, 7, 8, 9, 'mes');
INSERT INTO CICLOS(CULTURAID, TIPOSOPERACOESID, inicio, fim, UNIDADES_MEDIDAidUnidadeMedida) VALUES (43, 3, 11, 12, 'mes');
INSERT INTO CICLOS(CULTURAID, TIPOSOPERACOESID, inicio, fim, UNIDADES_MEDIDAidUnidadeMedida) VALUES (43, 10, 3, 4, 'mes');
INSERT INTO CICLOS(CULTURAID, TIPOSOPERACOESID, inicio, fim, UNIDADES_MEDIDAidUnidadeMedida) VALUES (43, 7, 8, 9, 'mes');
INSERT INTO CICLOS(CULTURAID, TIPOSOPERACOESID, inicio, fim, UNIDADES_MEDIDAidUnidadeMedida) VALUES (44, 3, 1, 1, 'mes');
INSERT INTO CICLOS(CULTURAID, TIPOSOPERACOESID, inicio, fim, UNIDADES_MEDIDAidUnidadeMedida) VALUES (44, 10, 4, 5, 'mes');
INSERT INTO CICLOS(CULTURAID, TIPOSOPERACOESID, inicio, fim, UNIDADES_MEDIDAidUnidadeMedida) VALUES (44, 7, 11, 12, 'mes');
INSERT INTO CICLOS(CULTURAID, TIPOSOPERACOESID, inicio, fim, UNIDADES_MEDIDAidUnidadeMedida) VALUES (45, 3, 11, 12, 'mes');
INSERT INTO CICLOS(CULTURAID, TIPOSOPERACOESID, inicio, fim, UNIDADES_MEDIDAidUnidadeMedida) VALUES (45, 10, 3, 4, 'mes');
INSERT INTO CICLOS(CULTURAID, TIPOSOPERACOESID, inicio, fim, UNIDADES_MEDIDAidUnidadeMedida) VALUES (45, 7, 8, 9, 'mes');
INSERT INTO CICLOS(CULTURAID, TIPOSOPERACOESID, inicio, fim, UNIDADES_MEDIDAidUnidadeMedida) VALUES (46, 3, 11, 12, 'mes');
INSERT INTO CICLOS(CULTURAID, TIPOSOPERACOESID, inicio, fim, UNIDADES_MEDIDAidUnidadeMedida) VALUES (46, 10, 3, 4, 'mes');
INSERT INTO CICLOS(CULTURAID, TIPOSOPERACOESID, inicio, fim, UNIDADES_MEDIDAidUnidadeMedida) VALUES (46, 7, 8, 9, 'mes');
INSERT INTO CICLOS(CULTURAID, TIPOSOPERACOESID, inicio, fim, UNIDADES_MEDIDAidUnidadeMedida) VALUES (47, 3, 11, 12, 'mes');
INSERT INTO CICLOS(CULTURAID, TIPOSOPERACOESID, inicio, fim, UNIDADES_MEDIDAidUnidadeMedida) VALUES (47, 10, 3, 4, 'mes');
INSERT INTO CICLOS(CULTURAID, TIPOSOPERACOESID, inicio, fim, UNIDADES_MEDIDAidUnidadeMedida) VALUES (47, 7, 8, 9, 'mes');
INSERT INTO CICLOS(CULTURAID, TIPOSOPERACOESID, inicio, fim, UNIDADES_MEDIDAidUnidadeMedida) VALUES (48, 3, 11, 12, 'mes');
INSERT INTO CICLOS(CULTURAID, TIPOSOPERACOESID, inicio, fim, UNIDADES_MEDIDAidUnidadeMedida) VALUES (48, 10, 3, 4, 'mes');
INSERT INTO CICLOS(CULTURAID, TIPOSOPERACOESID, inicio, fim, UNIDADES_MEDIDAidUnidadeMedida) VALUES (48, 7, 8, 9, 'mes');
INSERT INTO CICLOS(CULTURAID, TIPOSOPERACOESID, inicio, fim, UNIDADES_MEDIDAidUnidadeMedida) VALUES (49, 3, 11, 12, 'mes');
INSERT INTO CICLOS(CULTURAID, TIPOSOPERACOESID, inicio, fim, UNIDADES_MEDIDAidUnidadeMedida) VALUES (49, 10, 3, 4, 'mes');
INSERT INTO CICLOS(CULTURAID, TIPOSOPERACOESID, inicio, fim, UNIDADES_MEDIDAidUnidadeMedida) VALUES (49, 7, 8, 9, 'mes');
INSERT INTO CICLOS(CULTURAID, TIPOSOPERACOESID, inicio, fim, UNIDADES_MEDIDAidUnidadeMedida) VALUES (50, 3, 11, 12, 'mes');
INSERT INTO CICLOS(CULTURAID, TIPOSOPERACOESID, inicio, fim, UNIDADES_MEDIDAidUnidadeMedida) VALUES (50, 10, 3, 4, 'mes');
INSERT INTO CICLOS(CULTURAID, TIPOSOPERACOESID, inicio, fim, UNIDADES_MEDIDAidUnidadeMedida) VALUES (50, 7, 8, 9, 'mes');
INSERT INTO CICLOS(CULTURAID, TIPOSOPERACOESID, inicio, fim, UNIDADES_MEDIDAidUnidadeMedida) VALUES (51, 3, 11, 12, 'mes');
INSERT INTO CICLOS(CULTURAID, TIPOSOPERACOESID, inicio, fim, UNIDADES_MEDIDAidUnidadeMedida) VALUES (51, 10, 3, 4, 'mes');
INSERT INTO CICLOS(CULTURAID, TIPOSOPERACOESID, inicio, fim, UNIDADES_MEDIDAidUnidadeMedida) VALUES (51, 7, 8, 9, 'mes');
INSERT INTO CICLOS(CULTURAID, TIPOSOPERACOESID, inicio, fim, UNIDADES_MEDIDAidUnidadeMedida) VALUES (52, 3, 11, 12, 'mes');
INSERT INTO CICLOS(CULTURAID, TIPOSOPERACOESID, inicio, fim, UNIDADES_MEDIDAidUnidadeMedida) VALUES (52, 10, 3, 4, 'mes');
INSERT INTO CICLOS(CULTURAID, TIPOSOPERACOESID, inicio, fim, UNIDADES_MEDIDAidUnidadeMedida) VALUES (52, 7, 8, 9, 'mes');
INSERT INTO CICLOS(CULTURAID, TIPOSOPERACOESID, inicio, fim, UNIDADES_MEDIDAidUnidadeMedida) VALUES (53, 3, 11, 12, 'mes');
INSERT INTO CICLOS(CULTURAID, TIPOSOPERACOESID, inicio, fim, UNIDADES_MEDIDAidUnidadeMedida) VALUES (53, 10, 3, 4, 'mes');
INSERT INTO CICLOS(CULTURAID, TIPOSOPERACOESID, inicio, fim, UNIDADES_MEDIDAidUnidadeMedida) VALUES (53, 7, 8, 9, 'mes');
INSERT INTO CICLOS(CULTURAID, TIPOSOPERACOESID, inicio, fim, UNIDADES_MEDIDAidUnidadeMedida) VALUES (54, 3, 11, 12, 'mes');
INSERT INTO CICLOS(CULTURAID, TIPOSOPERACOESID, inicio, fim, UNIDADES_MEDIDAidUnidadeMedida) VALUES (54, 10, 3, 4, 'mes');
INSERT INTO CICLOS(CULTURAID, TIPOSOPERACOESID, inicio, fim, UNIDADES_MEDIDAidUnidadeMedida) VALUES (54, 7, 8, 9, 'mes');
INSERT INTO CICLOS(CULTURAID, TIPOSOPERACOESID, inicio, fim, UNIDADES_MEDIDAidUnidadeMedida) VALUES (55, 3, 11, 12, 'mes');
INSERT INTO CICLOS(CULTURAID, TIPOSOPERACOESID, inicio, fim, UNIDADES_MEDIDAidUnidadeMedida) VALUES (55, 10, 3, 4, 'mes');
INSERT INTO CICLOS(CULTURAID, TIPOSOPERACOESID, inicio, fim, UNIDADES_MEDIDAidUnidadeMedida) VALUES (55, 7, 8, 9, 'mes');
INSERT INTO CICLOS(CULTURAID, TIPOSOPERACOESID, inicio, fim, UNIDADES_MEDIDAidUnidadeMedida) VALUES (56, 3, 11, 12, 'mes');
INSERT INTO CICLOS(CULTURAID, TIPOSOPERACOESID, inicio, fim, UNIDADES_MEDIDAidUnidadeMedida) VALUES (56, 10, 3, 4, 'mes');
INSERT INTO CICLOS(CULTURAID, TIPOSOPERACOESID, inicio, fim, UNIDADES_MEDIDAidUnidadeMedida) VALUES (56, 7, 8, 9, 'mes');
INSERT INTO CICLOS(CULTURAID, TIPOSOPERACOESID, inicio, fim, UNIDADES_MEDIDAidUnidadeMedida) VALUES (57, 3, 11, 12, 'mes');
INSERT INTO CICLOS(CULTURAID, TIPOSOPERACOESID, inicio, fim, UNIDADES_MEDIDAidUnidadeMedida) VALUES (57, 10, 3, 4, 'mes');
INSERT INTO CICLOS(CULTURAID, TIPOSOPERACOESID, inicio, fim, UNIDADES_MEDIDAidUnidadeMedida) VALUES (57, 7, 8, 9, 'mes');
INSERT INTO CICLOS(CULTURAID, TIPOSOPERACOESID, inicio, fim, UNIDADES_MEDIDAidUnidadeMedida) VALUES (58, 3, 11, 12, 'mes');
INSERT INTO CICLOS(CULTURAID, TIPOSOPERACOESID, inicio, fim, UNIDADES_MEDIDAidUnidadeMedida) VALUES (58, 10, 3, 4, 'mes');
INSERT INTO CICLOS(CULTURAID, TIPOSOPERACOESID, inicio, fim, UNIDADES_MEDIDAidUnidadeMedida) VALUES (58, 7, 8, 9, 'mes');
INSERT INTO CICLOS(CULTURAID, TIPOSOPERACOESID, inicio, fim, UNIDADES_MEDIDAidUnidadeMedida) VALUES (59, 3, 11, 12, 'mes');
INSERT INTO CICLOS(CULTURAID, TIPOSOPERACOESID, inicio, fim, UNIDADES_MEDIDAidUnidadeMedida) VALUES (59, 10, 3, 4, 'mes');
INSERT INTO CICLOS(CULTURAID, TIPOSOPERACOESID, inicio, fim, UNIDADES_MEDIDAidUnidadeMedida) VALUES (59, 7, 8, 9, 'mes');
INSERT INTO CICLOS(CULTURAID, TIPOSOPERACOESID, inicio, fim, UNIDADES_MEDIDAidUnidadeMedida) VALUES (60, 3, 11, 12, 'mes');
INSERT INTO CICLOS(CULTURAID, TIPOSOPERACOESID, inicio, fim, UNIDADES_MEDIDAidUnidadeMedida) VALUES (60, 10, 3, 4, 'mes');
INSERT INTO CICLOS(CULTURAID, TIPOSOPERACOESID, inicio, fim, UNIDADES_MEDIDAidUnidadeMedida) VALUES (60, 7, 8, 9, 'mes');
INSERT INTO CICLOS(CULTURAID, TIPOSOPERACOESID, inicio, fim, UNIDADES_MEDIDAidUnidadeMedida) VALUES (61, 3, 11, 12, 'mes');
INSERT INTO CICLOS(CULTURAID, TIPOSOPERACOESID, inicio, fim, UNIDADES_MEDIDAidUnidadeMedida) VALUES (61, 10, 3, 4, 'mes');
INSERT INTO CICLOS(CULTURAID, TIPOSOPERACOESID, inicio, fim, UNIDADES_MEDIDAidUnidadeMedida) VALUES (61, 7, 8, 9, 'mes');
INSERT INTO CICLOS(CULTURAID, TIPOSOPERACOESID, inicio, fim, UNIDADES_MEDIDAidUnidadeMedida) VALUES (62, 3, 11, 12, 'mes');
INSERT INTO CICLOS(CULTURAID, TIPOSOPERACOESID, inicio, fim, UNIDADES_MEDIDAidUnidadeMedida) VALUES (62, 10, 3, 4, 'mes');
INSERT INTO CICLOS(CULTURAID, TIPOSOPERACOESID, inicio, fim, UNIDADES_MEDIDAidUnidadeMedida) VALUES (62, 7, 8, 9, 'mes');
INSERT INTO CICLOS(CULTURAID, TIPOSOPERACOESID, inicio, fim, UNIDADES_MEDIDAidUnidadeMedida) VALUES (63, 3, 11, 12, 'mes');
INSERT INTO CICLOS(CULTURAID, TIPOSOPERACOESID, inicio, fim, UNIDADES_MEDIDAidUnidadeMedida) VALUES (63, 10, 3, 4, 'mes');
INSERT INTO CICLOS(CULTURAID, TIPOSOPERACOESID, inicio, fim, UNIDADES_MEDIDAidUnidadeMedida) VALUES (63, 7, 8, 9, 'mes');
INSERT INTO CICLOS(CULTURAID, TIPOSOPERACOESID, inicio, fim, UNIDADES_MEDIDAidUnidadeMedida) VALUES (64, 3, 11, 12, 'mes');
INSERT INTO CICLOS(CULTURAID, TIPOSOPERACOESID, inicio, fim, UNIDADES_MEDIDAidUnidadeMedida) VALUES (64, 10, 3, 4, 'mes');
INSERT INTO CICLOS(CULTURAID, TIPOSOPERACOESID, inicio, fim, UNIDADES_MEDIDAidUnidadeMedida) VALUES (64, 7, 8, 9, 'mes');
INSERT INTO CICLOS(CULTURAID, TIPOSOPERACOESID, inicio, fim, UNIDADES_MEDIDAidUnidadeMedida) VALUES (65, 3, 11, 12, 'mes');
INSERT INTO CICLOS(CULTURAID, TIPOSOPERACOESID, inicio, fim, UNIDADES_MEDIDAidUnidadeMedida) VALUES (65, 10, 3, 4, 'mes');
INSERT INTO CICLOS(CULTURAID, TIPOSOPERACOESID, inicio, fim, UNIDADES_MEDIDAidUnidadeMedida) VALUES (65, 7, 8, 9, 'mes');
INSERT INTO CICLOS(CULTURAID, TIPOSOPERACOESID, inicio, fim, UNIDADES_MEDIDAidUnidadeMedida) VALUES (66, 3, 11, 12, 'mes');
INSERT INTO CICLOS(CULTURAID, TIPOSOPERACOESID, inicio, fim, UNIDADES_MEDIDAidUnidadeMedida) VALUES (66, 10, 3, 4, 'mes');
INSERT INTO CICLOS(CULTURAID, TIPOSOPERACOESID, inicio, fim, UNIDADES_MEDIDAidUnidadeMedida) VALUES (66, 7, 8, 9, 'mes');
INSERT INTO CICLOS(CULTURAID, TIPOSOPERACOESID, inicio, fim, UNIDADES_MEDIDAidUnidadeMedida) VALUES (67, 3, 11, 12, 'mes');
INSERT INTO CICLOS(CULTURAID, TIPOSOPERACOESID, inicio, fim, UNIDADES_MEDIDAidUnidadeMedida) VALUES (67, 10, 3, 4, 'mes');
INSERT INTO CICLOS(CULTURAID, TIPOSOPERACOESID, inicio, fim, UNIDADES_MEDIDAidUnidadeMedida) VALUES (67, 7, 8, 9, 'mes');
INSERT INTO CICLOS(CULTURAID, TIPOSOPERACOESID, inicio, fim, UNIDADES_MEDIDAidUnidadeMedida) VALUES (68, 3, 11, 12, 'mes');
INSERT INTO CICLOS(CULTURAID, TIPOSOPERACOESID, inicio, fim, UNIDADES_MEDIDAidUnidadeMedida) VALUES (68, 10, 3, 4, 'mes');
INSERT INTO CICLOS(CULTURAID, TIPOSOPERACOESID, inicio, fim, UNIDADES_MEDIDAidUnidadeMedida) VALUES (68, 7, 8, 9, 'mes');
INSERT INTO CICLOS(CULTURAID, TIPOSOPERACOESID, inicio, fim, UNIDADES_MEDIDAidUnidadeMedida) VALUES (73, 7, 0, 80, 'dia');
INSERT INTO CICLOS(CULTURAID, TIPOSOPERACOESID, inicio, fim, UNIDADES_MEDIDAidUnidadeMedida) VALUES (74, 7, 0, 80, 'dia');
INSERT INTO CICLOS(CULTURAID, TIPOSOPERACOESID, inicio, fim, UNIDADES_MEDIDAidUnidadeMedida) VALUES (75, 7, 0, 80, 'dia');
INSERT INTO CICLOS(CULTURAID, TIPOSOPERACOESID, inicio, fim, UNIDADES_MEDIDAidUnidadeMedida) VALUES (76, 7, 0, 80, 'dia');
INSERT INTO CICLOS(CULTURAID, TIPOSOPERACOESID, inicio, fim, UNIDADES_MEDIDAidUnidadeMedida) VALUES (77, 7, 0, 80, 'dia');
INSERT INTO CICLOS(CULTURAID, TIPOSOPERACOESID, inicio, fim, UNIDADES_MEDIDAidUnidadeMedida) VALUES (78, 7, 0, 80, 'dia');
INSERT INTO CICLOS(CULTURAID, TIPOSOPERACOESID, inicio, fim, UNIDADES_MEDIDAidUnidadeMedida) VALUES (79, 7, 0, 80, 'dia');
INSERT INTO CICLOS(CULTURAID, TIPOSOPERACOESID, inicio, fim, UNIDADES_MEDIDAidUnidadeMedida) VALUES (82, 6, 4, 6, 'mes');
INSERT INTO CICLOS(CULTURAID, TIPOSOPERACOESID, inicio, fim, UNIDADES_MEDIDAidUnidadeMedida) VALUES (82, 7, 7, 9, 'mes');
INSERT INTO CICLOS(CULTURAID, TIPOSOPERACOESID, inicio, fim, UNIDADES_MEDIDAidUnidadeMedida) VALUES (83, 6, 4, 6, 'mes');
INSERT INTO CICLOS(CULTURAID, TIPOSOPERACOESID, inicio, fim, UNIDADES_MEDIDAidUnidadeMedida) VALUES (83, 7, 7, 9, 'mes');
INSERT INTO CICLOS(CULTURAID, TIPOSOPERACOESID, inicio, fim, UNIDADES_MEDIDAidUnidadeMedida) VALUES (84, 6, 3, 9, 'mes');
INSERT INTO CICLOS(CULTURAID, TIPOSOPERACOESID, inicio, fim, UNIDADES_MEDIDAidUnidadeMedida) VALUES (84, 7, 6, 2, 'mes');
INSERT INTO CICLOS(CULTURAID, TIPOSOPERACOESID, inicio, fim, UNIDADES_MEDIDAidUnidadeMedida) VALUES (85, 7, 10, 11, 'mes');
INSERT INTO CICLOS(CULTURAID, TIPOSOPERACOESID, inicio, fim, UNIDADES_MEDIDAidUnidadeMedida) VALUES (86, 7, 10, 11, 'mes');
INSERT INTO CICLOS(CULTURAID, TIPOSOPERACOESID, inicio, fim, UNIDADES_MEDIDAidUnidadeMedida) VALUES (87, 7, 10, 11, 'mes');
INSERT INTO CICLOS(CULTURAID, TIPOSOPERACOESID, inicio, fim, UNIDADES_MEDIDAidUnidadeMedida) VALUES (88, 7, 10, 11, 'mes');
INSERT INTO CICLOS(CULTURAID, TIPOSOPERACOESID, inicio, fim, UNIDADES_MEDIDAidUnidadeMedida) VALUES (89, 7, 10, 11, 'mes');
INSERT INTO CICLOS(CULTURAID, TIPOSOPERACOESID, inicio, fim, UNIDADES_MEDIDAidUnidadeMedida) VALUES (90, 7, 10, 11, 'mes');
INSERT INTO CICLOS(CULTURAID, TIPOSOPERACOESID, inicio, fim, UNIDADES_MEDIDAidUnidadeMedida) VALUES (91, 7, 10, 11, 'mes');
INSERT INTO CICLOS(CULTURAID, TIPOSOPERACOESID, inicio, fim, UNIDADES_MEDIDAidUnidadeMedida) VALUES (92, 7, 10, 11, 'mes');
INSERT INTO CICLOS(CULTURAID, TIPOSOPERACOESID, inicio, fim, UNIDADES_MEDIDAidUnidadeMedida) VALUES (93, 6, 2, 4, 'mes');
INSERT INTO CICLOS(CULTURAID, TIPOSOPERACOESID, inicio, fim, UNIDADES_MEDIDAidUnidadeMedida) VALUES (93, 6, 8, 10, 'mes');
INSERT INTO CICLOS(CULTURAID, TIPOSOPERACOESID, inicio, fim, UNIDADES_MEDIDAidUnidadeMedida) VALUES (93, 7, 0, 90, 'dia');
INSERT INTO CICLOS(CULTURAID, TIPOSOPERACOESID, inicio, fim, UNIDADES_MEDIDAidUnidadeMedida) VALUES (94, 3, 12, 1, 'mes');
INSERT INTO CICLOS(CULTURAID, TIPOSOPERACOESID, inicio, fim, UNIDADES_MEDIDAidUnidadeMedida) VALUES (94, 10, 5, 5, 'mes');
INSERT INTO CICLOS(CULTURAID, TIPOSOPERACOESID, inicio, fim, UNIDADES_MEDIDAidUnidadeMedida) VALUES (94, 7, 6, 8, 'mes');
INSERT INTO CICLOS(CULTURAID, TIPOSOPERACOESID, inicio, fim, UNIDADES_MEDIDAidUnidadeMedida) VALUES (95, 3, 12, 1, 'mes');
INSERT INTO CICLOS(CULTURAID, TIPOSOPERACOESID, inicio, fim, UNIDADES_MEDIDAidUnidadeMedida) VALUES (95, 10, 5, 5, 'mes');
INSERT INTO CICLOS(CULTURAID, TIPOSOPERACOESID, inicio, fim, UNIDADES_MEDIDAidUnidadeMedida) VALUES (95, 7, 6, 8, 'mes');

INSERT INTO TIPOS_UTILIZADOR(idTipoUtilizador, nome) VALUES (0, 'default');

INSERT INTO UTILIZADORES(idUtilizador, TIPOUTILIZADORID, nomeCompleto) VALUES (0, 0, 'default');
