INSERT INTO QUINTAS(idQuinta, nome) VALUES (1, 'QUINTA');

INSERT INTO UNIDADES_MEDIDA(idUnidadeMedida, nomeCompleto) VALUES ('ha', 'hectares');
INSERT INTO UNIDADES_MEDIDA(idUnidadeMedida, nomeCompleto) VALUES ('m2', 'metros quadrados');
INSERT INTO UNIDADES_MEDIDA(idUnidadeMedida, nomeCompleto) VALUES ('m3', 'metros cubicos');
INSERT INTO UNIDADES_MEDIDA(idUnidadeMedida, nomeCompleto) VALUES ('un', 'unidades');
INSERT INTO UNIDADES_MEDIDA(idUnidadeMedida, nomeCompleto) VALUES ('kg', 'kilogramas');
INSERT INTO UNIDADES_MEDIDA(idUnidadeMedida, nomeCompleto) VALUES ('m', 'metros');
INSERT INTO UNIDADES_MEDIDA(idUnidadeMedida, nomeCompleto) VALUES ('g', 'gramas');
INSERT INTO UNIDADES_MEDIDA(idUnidadeMedida, nomeCompleto) VALUES ('mes', 'mês');
INSERT INTO UNIDADES_MEDIDA(idUnidadeMedida, nomeCompleto) VALUES ('dia', 'dia');
INSERT INTO UNIDADES_MEDIDA(idUnidadeMedida, nomeCompleto) VALUES ('min', 'minutos');
INSERT INTO UNIDADES_MEDIDA(idUnidadeMedida, nomeCompleto) VALUES ('l/h', 'litros/hora');
INSERT INTO UNIDADES_MEDIDA(idUnidadeMedida, nomeCompleto) VALUES ('pH', 'pH');
INSERT INTO UNIDADES_MEDIDA(idUnidadeMedida, nomeCompleto) VALUES ('%', 'percentagem');

INSERT INTO OPERADORES(idOperador, nome) VALUES (0, 'default');
INSERT INTO OPERADORES(idOperador, nome) VALUES (123456789, 'GESTOR');
INSERT INTO OPERADORES(idOperador, nome) VALUES (987654321, 'FUNCIONÁRIO');

INSERT INTO ESPECIES_VEGETAIS(idEspecieVegetal, especie, nomeComum) VALUES (0, 'default', 'detault');
INSERT INTO ESPECIES_VEGETAIS(idEspecieVegetal, especie, nomeComum) VALUES (1, 'PRUNUS DOMESTICA', 'AMEIXOEIRA');
INSERT INTO ESPECIES_VEGETAIS(idEspecieVegetal, especie, nomeComum) VALUES (2, 'PRUNUS ARMENIACA', 'DAMASQUEIRO');
INSERT INTO ESPECIES_VEGETAIS(idEspecieVegetal, especie, nomeComum) VALUES (3, 'MALUS DOMESTICA', 'MACIEIRA');
INSERT INTO ESPECIES_VEGETAIS(idEspecieVegetal, especie, nomeComum) VALUES (4, 'PYRUS PYRIFOLIA', 'PERA NASHI');
INSERT INTO ESPECIES_VEGETAIS(idEspecieVegetal, especie, nomeComum) VALUES (5, 'PYRUS PYRIFOLIA', 'PERA NASHI');
INSERT INTO ESPECIES_VEGETAIS(idEspecieVegetal, especie, nomeComum) VALUES (6, 'PYRUS PYRIFOLIA', 'PERA NASHI');
INSERT INTO ESPECIES_VEGETAIS(idEspecieVegetal, especie, nomeComum) VALUES (7, 'PYRUS PYRIFOLIA', 'PERA NASHI');
INSERT INTO ESPECIES_VEGETAIS(idEspecieVegetal, especie, nomeComum) VALUES (8, 'DAUCUS CAROTA SUBSP. SATIVUS', 'CENOURA');
INSERT INTO ESPECIES_VEGETAIS(idEspecieVegetal, especie, nomeComum) VALUES (9, 'LUPINUS LUTEUS', 'TREMOÇO');
INSERT INTO ESPECIES_VEGETAIS(idEspecieVegetal, especie, nomeComum) VALUES (10, 'LUPINUS ALBUS', 'TREMOÇO');
INSERT INTO ESPECIES_VEGETAIS(idEspecieVegetal, especie, nomeComum) VALUES (11, 'ZEA MAYS', 'MILHO');
INSERT INTO ESPECIES_VEGETAIS(idEspecieVegetal, especie, nomeComum) VALUES (12, 'BRASSICA RAPA', 'NABO GRELEIRO');
INSERT INTO ESPECIES_VEGETAIS(idEspecieVegetal, especie, nomeComum) VALUES (13, 'OLEA EUROPAEA', 'OLIVEIRA');
INSERT INTO ESPECIES_VEGETAIS(idEspecieVegetal, especie, nomeComum) VALUES (14, 'BRASSICA RAPA', 'NABO');
INSERT INTO ESPECIES_VEGETAIS(idEspecieVegetal, especie, nomeComum) VALUES (15, 'VITIS VINIFERA', 'VIDEIRA');
INSERT INTO ESPECIES_VEGETAIS(idEspecieVegetal, especie, nomeComum) VALUES (16, 'CUCURBITA MOSCHATA VAR BUTTERNUT', 'ABOBORA MANTEIGA');

INSERT INTO TIPOS_CONSUMO(idTipoConsumo, nome) VALUES (1, 'HUMANO');
INSERT INTO TIPOS_CONSUMO(idTipoConsumo, nome) VALUES (2, 'ANIMAL');
INSERT INTO TIPOS_CONSUMO(idTipoConsumo, nome) VALUES (3, 'VEGETAL');

INSERT INTO TIPOS_CULTURA(idTipoCultura, nome) VALUES (0, 'default');
INSERT INTO TIPOS_CULTURA(idTipoCultura, nome) VALUES (1, 'PERMANENTE');
INSERT INTO TIPOS_CULTURA(idTipoCultura, nome) VALUES (2, 'TEMPORÁRIA');

INSERT INTO CULTURAS(idCultura, TIPOCULTURAID, ESPECIEVEGETALID, nome, nomeCompleto) VALUES (0, 0, 0, 'default', 'default');
INSERT INTO CULTURAS(idCultura, TIPOCULTURAID, ESPECIEVEGETALID, nome, nomeCompleto) VALUES (1, 1, 1, 'RAINHA CLAUDIA CARANGUEJEIRA', 'AMEIXOEIRA RAINHA CLAUDIA CARANGUEJEIRA');
INSERT INTO CULTURAS(idCultura, TIPOCULTURAID, ESPECIEVEGETALID, nome, nomeCompleto) VALUES (2, 1, 1, 'PRESIDENT', 'AMEIXOEIRA PRESIDENT');
INSERT INTO CULTURAS(idCultura, TIPOCULTURAID, ESPECIEVEGETALID, nome, nomeCompleto) VALUES (3, 1, 1, 'STANLEY', 'AMEIXOEIRA STANLEY');
INSERT INTO CULTURAS(idCultura, TIPOCULTURAID, ESPECIEVEGETALID, nome, nomeCompleto) VALUES (4, 1, 1, 'ANGELENO', 'AMEIXOEIRA ANGELENO');
INSERT INTO CULTURAS(idCultura, TIPOCULTURAID, ESPECIEVEGETALID, nome, nomeCompleto) VALUES (5, 1, 1, 'BLACK BEAUTY', 'AMEIXOEIRA BLACK BEAUTY');
INSERT INTO CULTURAS(idCultura, TIPOCULTURAID, ESPECIEVEGETALID, nome, nomeCompleto) VALUES (6, 1, 1, 'BLACK STAR', 'AMEIXOEIRA BLACK STAR');
INSERT INTO CULTURAS(idCultura, TIPOCULTURAID, ESPECIEVEGETALID, nome, nomeCompleto) VALUES (7, 1, 1, 'BLACK GOLD', 'AMEIXOEIRA BLACK GOLD');
INSERT INTO CULTURAS(idCultura, TIPOCULTURAID, ESPECIEVEGETALID, nome, nomeCompleto) VALUES (8, 1, 1, 'BLACK DIAMOND', 'AMEIXOEIRA BLACK DIAMOND');
INSERT INTO CULTURAS(idCultura, TIPOCULTURAID, ESPECIEVEGETALID, nome, nomeCompleto) VALUES (9, 1, 1, 'BLACK AMBER', 'AMEIXOEIRA BLACK AMBER');
INSERT INTO CULTURAS(idCultura, TIPOCULTURAID, ESPECIEVEGETALID, nome, nomeCompleto) VALUES (10, 1, 1, 'BLACK SPLENDOR', 'AMEIXOEIRA BLACK SPLENDOR');
INSERT INTO CULTURAS(idCultura, TIPOCULTURAID, ESPECIEVEGETALID, nome, nomeCompleto) VALUES (11, 1, 1, 'FORTUNA', 'AMEIXOEIRA FORTUNA');
INSERT INTO CULTURAS(idCultura, TIPOCULTURAID, ESPECIEVEGETALID, nome, nomeCompleto) VALUES (12, 1, 1, 'FRIAR', 'AMEIXOEIRA FRIAR');
INSERT INTO CULTURAS(idCultura, TIPOCULTURAID, ESPECIEVEGETALID, nome, nomeCompleto) VALUES (13, 1, 1, 'EL DORADO', 'AMEIXOEIRA EL DORADO');
INSERT INTO CULTURAS(idCultura, TIPOCULTURAID, ESPECIEVEGETALID, nome, nomeCompleto) VALUES (14, 1, 1, 'ELEPHANT HEART', 'AMEIXOEIRA ELEPHANT HEART');
INSERT INTO CULTURAS(idCultura, TIPOCULTURAID, ESPECIEVEGETALID, nome, nomeCompleto) VALUES (15, 1, 1, 'GOLDEN JAPAN', 'AMEIXOEIRA GOLDEN JAPAN');
INSERT INTO CULTURAS(idCultura, TIPOCULTURAID, ESPECIEVEGETALID, nome, nomeCompleto) VALUES (16, 1, 1, 'HARRY PITCHON', 'AMEIXOEIRA HARRY PITCHON');
INSERT INTO CULTURAS(idCultura, TIPOCULTURAID, ESPECIEVEGETALID, nome, nomeCompleto) VALUES (17, 1, 1, 'LAETITIA', 'AMEIXOEIRA LAETITIA');
INSERT INTO CULTURAS(idCultura, TIPOCULTURAID, ESPECIEVEGETALID, nome, nomeCompleto) VALUES (18, 1, 1, 'METLEY', 'AMEIXOEIRA METLEY');
INSERT INTO CULTURAS(idCultura, TIPOCULTURAID, ESPECIEVEGETALID, nome, nomeCompleto) VALUES (19, 1, 1, 'MIRABELLE DE NANCY', 'AMEIXOEIRA MIRABELLE DE NANCY');
INSERT INTO CULTURAS(idCultura, TIPOCULTURAID, ESPECIEVEGETALID, nome, nomeCompleto) VALUES (20, 1, 1, 'QUEEN ROSE', 'AMEIXOEIRA QUEEN ROSE');
INSERT INTO CULTURAS(idCultura, TIPOCULTURAID, ESPECIEVEGETALID, nome, nomeCompleto) VALUES (21, 1, 1, 'RED BEAUT', 'AMEIXOEIRA RED BEAUT');
INSERT INTO CULTURAS(idCultura, TIPOCULTURAID, ESPECIEVEGETALID, nome, nomeCompleto) VALUES (22, 1, 1, 'SANTA ROSA', 'AMEIXOEIRA SANTA ROSA');
INSERT INTO CULTURAS(idCultura, TIPOCULTURAID, ESPECIEVEGETALID, nome, nomeCompleto) VALUES (23, 1, 1, 'SHIRO', 'AMEIXOEIRA SHIRO');
INSERT INTO CULTURAS(idCultura, TIPOCULTURAID, ESPECIEVEGETALID, nome, nomeCompleto) VALUES (24, 1, 1, 'SUNGOLD', 'AMEIXOEIRA SUNGOLD');
INSERT INTO CULTURAS(idCultura, TIPOCULTURAID, ESPECIEVEGETALID, nome, nomeCompleto) VALUES (25, 1, 1, 'WILSON PERFECTION', 'AMEIXOEIRA WILSON PERFECTION');
INSERT INTO CULTURAS(idCultura, TIPOCULTURAID, ESPECIEVEGETALID, nome, nomeCompleto) VALUES (26, 1, 1, 'AUTUMN GIANT', 'AMEIXOEIRA AUTUMN GIANT');
INSERT INTO CULTURAS(idCultura, TIPOCULTURAID, ESPECIEVEGETALID, nome, nomeCompleto) VALUES (27, 1, 2, 'BULIDA', 'DAMASQUEIRO BULIDA');
INSERT INTO CULTURAS(idCultura, TIPOCULTURAID, ESPECIEVEGETALID, nome, nomeCompleto) VALUES (28, 1, 2, 'CANINO', 'DAMASQUEIRO CANINO');
INSERT INTO CULTURAS(idCultura, TIPOCULTURAID, ESPECIEVEGETALID, nome, nomeCompleto) VALUES (29, 1, 2, 'LIABAUD', 'DAMASQUEIRO LIABAUD');
INSERT INTO CULTURAS(idCultura, TIPOCULTURAID, ESPECIEVEGETALID, nome, nomeCompleto) VALUES (30, 1, 2, 'MAILLOT JAUNE', 'DAMASQUEIRO MAILLOT JAUNE');
INSERT INTO CULTURAS(idCultura, TIPOCULTURAID, ESPECIEVEGETALID, nome, nomeCompleto) VALUES (31, 1, 2, 'POLONAIS', 'DAMASQUEIRO POLONAIS');
INSERT INTO CULTURAS(idCultura, TIPOCULTURAID, ESPECIEVEGETALID, nome, nomeCompleto) VALUES (32, 1, 3, 'AKANE', 'MACIEIRA AKANE');
INSERT INTO CULTURAS(idCultura, TIPOCULTURAID, ESPECIEVEGETALID, nome, nomeCompleto) VALUES (33, 1, 3, 'BELGOLDEN', 'MACIEIRA BELGOLDEN');
INSERT INTO CULTURAS(idCultura, TIPOCULTURAID, ESPECIEVEGETALID, nome, nomeCompleto) VALUES (34, 1, 3, 'BRAVO DE ESMOLFE', 'MACIEIRA BRAVO DE ESMOLFE');
INSERT INTO CULTURAS(idCultura, TIPOCULTURAID, ESPECIEVEGETALID, nome, nomeCompleto) VALUES (35, 1, 3, 'CASA NOVA DE ALCOBAÇA', 'MACIEIRA CASA NOVA DE ALCOBAÇA');
INSERT INTO CULTURAS(idCultura, TIPOCULTURAID, ESPECIEVEGETALID, nome, nomeCompleto) VALUES (36, 1, 3, 'EROVAN', 'MACIEIRA EROVAN');
INSERT INTO CULTURAS(idCultura, TIPOCULTURAID, ESPECIEVEGETALID, nome, nomeCompleto) VALUES (37, 1, 3, 'FUJI', 'MACIEIRA FUJI');
INSERT INTO CULTURAS(idCultura, TIPOCULTURAID, ESPECIEVEGETALID, nome, nomeCompleto) VALUES (38, 1, 3, 'GRANNY SMITH', 'MACIEIRA GRANNY SMITH');
INSERT INTO CULTURAS(idCultura, TIPOCULTURAID, ESPECIEVEGETALID, nome, nomeCompleto) VALUES (39, 1, 3, 'GOLDEN DELICIOUS', 'MACIEIRA GOLDEN DELICIOUS');
INSERT INTO CULTURAS(idCultura, TIPOCULTURAID, ESPECIEVEGETALID, nome, nomeCompleto) VALUES (40, 1, 3, 'HI-EARLY', 'MACIEIRA HI-EARLY');
INSERT INTO CULTURAS(idCultura, TIPOCULTURAID, ESPECIEVEGETALID, nome, nomeCompleto) VALUES (41, 1, 3, 'JONAGORED', 'MACIEIRA JONAGORED');
INSERT INTO CULTURAS(idCultura, TIPOCULTURAID, ESPECIEVEGETALID, nome, nomeCompleto) VALUES (42, 1, 3, 'LYSGOLDEN', 'MACIEIRA LYSGOLDEN');
INSERT INTO CULTURAS(idCultura, TIPOCULTURAID, ESPECIEVEGETALID, nome, nomeCompleto) VALUES (43, 1, 3, 'MUTSU', 'MACIEIRA MUTSU');
INSERT INTO CULTURAS(idCultura, TIPOCULTURAID, ESPECIEVEGETALID, nome, nomeCompleto) VALUES (44, 1, 3, 'PORTA DA LOJA', 'MACIEIRA PORTA DA LOJA');
INSERT INTO CULTURAS(idCultura, TIPOCULTURAID, ESPECIEVEGETALID, nome, nomeCompleto) VALUES (45, 1, 3, 'REINETTE OU CANADA', 'MACIEIRA REINETTE OU CANADA');
INSERT INTO CULTURAS(idCultura, TIPOCULTURAID, ESPECIEVEGETALID, nome, nomeCompleto) VALUES (46, 1, 3, 'REINETTE OU GRAND FAY', 'MACIEIRA REINETTE OU GRAND FAY');
INSERT INTO CULTURAS(idCultura, TIPOCULTURAID, ESPECIEVEGETALID, nome, nomeCompleto) VALUES (47, 1, 3, 'RISCADINHA DE PALMELA', 'MACIEIRA RISCADINHA DE PALMELA');
INSERT INTO CULTURAS(idCultura, TIPOCULTURAID, ESPECIEVEGETALID, nome, nomeCompleto) VALUES (48, 1, 3, 'ROYAL GALA', 'MACIEIRA ROYAL GALA');
INSERT INTO CULTURAS(idCultura, TIPOCULTURAID, ESPECIEVEGETALID, nome, nomeCompleto) VALUES (49, 1, 3, 'REDCHIEF', 'MACIEIRA REDCHIEF');
INSERT INTO CULTURAS(idCultura, TIPOCULTURAID, ESPECIEVEGETALID, nome, nomeCompleto) VALUES (50, 1, 3, 'STARKING', 'MACIEIRA STARKING');
INSERT INTO CULTURAS(idCultura, TIPOCULTURAID, ESPECIEVEGETALID, nome, nomeCompleto) VALUES (51, 1, 3, 'SUMMER RED', 'MACIEIRA SUMMER RED');
INSERT INTO CULTURAS(idCultura, TIPOCULTURAID, ESPECIEVEGETALID, nome, nomeCompleto) VALUES (52, 1, 3, 'WELL''SPUR DELICIOUS', 'MACIEIRA WELL''SPUR DELICIOUS');
INSERT INTO CULTURAS(idCultura, TIPOCULTURAID, ESPECIEVEGETALID, nome, nomeCompleto) VALUES (53, 1, 3, 'NOIVA', 'MACIEIRA NOIVA');
INSERT INTO CULTURAS(idCultura, TIPOCULTURAID, ESPECIEVEGETALID, nome, nomeCompleto) VALUES (54, 1, 3, 'OLHO ABERTO', 'MACIEIRA OLHO ABERTO');
INSERT INTO CULTURAS(idCultura, TIPOCULTURAID, ESPECIEVEGETALID, nome, nomeCompleto) VALUES (55, 1, 3, 'CAMOESA ROSA', 'MACIEIRA CAMOESA ROSA');
INSERT INTO CULTURAS(idCultura, TIPOCULTURAID, ESPECIEVEGETALID, nome, nomeCompleto) VALUES (56, 1, 3, 'MALÁPIO', 'MACIEIRA MALÁPIO');
INSERT INTO CULTURAS(idCultura, TIPOCULTURAID, ESPECIEVEGETALID, nome, nomeCompleto) VALUES (57, 1, 3, 'GRONHO DOCE', 'MACIEIRA GRONHO DOCE');
INSERT INTO CULTURAS(idCultura, TIPOCULTURAID, ESPECIEVEGETALID, nome, nomeCompleto) VALUES (58, 1, 3, 'PÉ DE BOI ', 'MACIEIRA PÉ DE BOI ');
INSERT INTO CULTURAS(idCultura, TIPOCULTURAID, ESPECIEVEGETALID, nome, nomeCompleto) VALUES (59, 1, 3, 'PINOVA', 'MACIEIRA PINOVA');
INSERT INTO CULTURAS(idCultura, TIPOCULTURAID, ESPECIEVEGETALID, nome, nomeCompleto) VALUES (60, 1, 3, 'PARDO LINDO', 'MACIEIRA PARDO LINDO');
INSERT INTO CULTURAS(idCultura, TIPOCULTURAID, ESPECIEVEGETALID, nome, nomeCompleto) VALUES (61, 1, 3, 'PIPO DE BASTO', 'MACIEIRA PIPO DE BASTO');
INSERT INTO CULTURAS(idCultura, TIPOCULTURAID, ESPECIEVEGETALID, nome, nomeCompleto) VALUES (62, 1, 3, 'PRIMA', 'MACIEIRA PRIMA');
INSERT INTO CULTURAS(idCultura, TIPOCULTURAID, ESPECIEVEGETALID, nome, nomeCompleto) VALUES (63, 1, 3, 'QUERINA', 'MACIEIRA QUERINA');
INSERT INTO CULTURAS(idCultura, TIPOCULTURAID, ESPECIEVEGETALID, nome, nomeCompleto) VALUES (64, 1, 3, 'VISTA BELLA', 'MACIEIRA VISTA BELLA');
INSERT INTO CULTURAS(idCultura, TIPOCULTURAID, ESPECIEVEGETALID, nome, nomeCompleto) VALUES (65, 1, 3, 'GOLDEN SMOOTHEE', 'MACIEIRA GOLDEN SMOOTHEE');
INSERT INTO CULTURAS(idCultura, TIPOCULTURAID, ESPECIEVEGETALID, nome, nomeCompleto) VALUES (66, 1, 3, 'GOLDEN SUPREMA', 'MACIEIRA GOLDEN SUPREMA');
INSERT INTO CULTURAS(idCultura, TIPOCULTURAID, ESPECIEVEGETALID, nome, nomeCompleto) VALUES (67, 1, 3, 'GLOSTER 69', 'MACIEIRA GLOSTER 69');
INSERT INTO CULTURAS(idCultura, TIPOCULTURAID, ESPECIEVEGETALID, nome, nomeCompleto) VALUES (68, 1, 3, 'FREEDOM', 'MACIEIRA FREEDOM');
INSERT INTO CULTURAS(idCultura, TIPOCULTURAID, ESPECIEVEGETALID, nome, nomeCompleto) VALUES (69, 1, 4, 'SNINSEIKI', 'PERA NASHI SNINSEIKI');
INSERT INTO CULTURAS(idCultura, TIPOCULTURAID, ESPECIEVEGETALID, nome, nomeCompleto) VALUES (70, 1, 4, 'KUMOI', 'PERA NASHI KUMOI');
INSERT INTO CULTURAS(idCultura, TIPOCULTURAID, ESPECIEVEGETALID, nome, nomeCompleto) VALUES (71, 1, 4, 'HOSUI', 'PERA NASHI HOSUI');
INSERT INTO CULTURAS(idCultura, TIPOCULTURAID, ESPECIEVEGETALID, nome, nomeCompleto) VALUES (72, 1, 4, 'NIJISSEIKI', 'PERA NASHI NIJISSEIKI');
INSERT INTO CULTURAS(idCultura, TIPOCULTURAID, ESPECIEVEGETALID, nome, nomeCompleto) VALUES (73, 2, 8, 'CARSON HYBRID', 'CENOURA CARSON HYBRID');
INSERT INTO CULTURAS(idCultura, TIPOCULTURAID, ESPECIEVEGETALID, nome, nomeCompleto) VALUES (74, 2, 8, 'RED CORED CHANTENAY', 'CENOURA RED CORED CHANTENAY');
INSERT INTO CULTURAS(idCultura, TIPOCULTURAID, ESPECIEVEGETALID, nome, nomeCompleto) VALUES (75, 2, 8, 'DANVERS HALF LONG', 'CENOURA DANVERS HALF LONG');
INSERT INTO CULTURAS(idCultura, TIPOCULTURAID, ESPECIEVEGETALID, nome, nomeCompleto) VALUES (76, 2, 8, 'IMPERATOR 58', 'CENOURA IMPERATOR 58');
INSERT INTO CULTURAS(idCultura, TIPOCULTURAID, ESPECIEVEGETALID, nome, nomeCompleto) VALUES (77, 2, 8, 'SUGARSNAX HYBRID', 'CENOURA SUGARSNAX HYBRID');
INSERT INTO CULTURAS(idCultura, TIPOCULTURAID, ESPECIEVEGETALID, nome, nomeCompleto) VALUES (78, 2, 8, 'NELSON HYBRID', 'CENOURA NELSON HYBRID');
INSERT INTO CULTURAS(idCultura, TIPOCULTURAID, ESPECIEVEGETALID, nome, nomeCompleto) VALUES (79, 2, 8, 'SCARLET NANTES', 'CENOURA SCARLET NANTES');
INSERT INTO CULTURAS(idCultura, TIPOCULTURAID, ESPECIEVEGETALID, nome, nomeCompleto) VALUES (80, 2, 9, 'AMARELO', 'TREMOÇO AMARELO');
INSERT INTO CULTURAS(idCultura, TIPOCULTURAID, ESPECIEVEGETALID, nome, nomeCompleto) VALUES (81, 2, 10, 'BRANCO', 'TREMOÇO BRANCO');
INSERT INTO CULTURAS(idCultura, TIPOCULTURAID, ESPECIEVEGETALID, nome, nomeCompleto) VALUES (82, 2, 11, 'MAS 24.C', 'MILHO MAS 24.C');
INSERT INTO CULTURAS(idCultura, TIPOCULTURAID, ESPECIEVEGETALID, nome, nomeCompleto) VALUES (83, 2, 11, 'DOCE GOLDEN BANTAM', 'MILHO DOCE GOLDEN BANTAM');
INSERT INTO CULTURAS(idCultura, TIPOCULTURAID, ESPECIEVEGETALID, nome, nomeCompleto) VALUES (84, 2, 12, 'SENHORA CONCEIÇÃO', 'NABO GRELEIRO SENHORA CONCEIÇÃO');
INSERT INTO CULTURAS(idCultura, TIPOCULTURAID, ESPECIEVEGETALID, nome, nomeCompleto) VALUES (85, 1, 13, 'COBRANÇOSA', 'OLIVEIRA COBRANÇOSA');
INSERT INTO CULTURAS(idCultura, TIPOCULTURAID, ESPECIEVEGETALID, nome, nomeCompleto) VALUES (86, 1, 13, 'ARBEQUINA', 'OLIVEIRA ARBEQUINA');
INSERT INTO CULTURAS(idCultura, TIPOCULTURAID, ESPECIEVEGETALID, nome, nomeCompleto) VALUES (87, 1, 13, 'HOJIBLANCA', 'OLIVEIRA HOJIBLANCA');
INSERT INTO CULTURAS(idCultura, TIPOCULTURAID, ESPECIEVEGETALID, nome, nomeCompleto) VALUES (88, 1, 13, 'NEGRINHA DO FREIXO', 'OLIVEIRA NEGRINHA DO FREIXO');
INSERT INTO CULTURAS(idCultura, TIPOCULTURAID, ESPECIEVEGETALID, nome, nomeCompleto) VALUES (89, 1, 13, 'PICUAL', 'OLIVEIRA PICUAL');
INSERT INTO CULTURAS(idCultura, TIPOCULTURAID, ESPECIEVEGETALID, nome, nomeCompleto) VALUES (90, 1, 13, 'MAÇANILHA', 'OLIVEIRA MAÇANILHA');
INSERT INTO CULTURAS(idCultura, TIPOCULTURAID, ESPECIEVEGETALID, nome, nomeCompleto) VALUES (91, 1, 13, 'CONSERVA DE ELVAS', 'OLIVEIRA CONSERVA DE ELVAS');
INSERT INTO CULTURAS(idCultura, TIPOCULTURAID, ESPECIEVEGETALID, nome, nomeCompleto) VALUES (92, 1, 13, 'GALEGA', 'OLIVEIRA GALEGA');
INSERT INTO CULTURAS(idCultura, TIPOCULTURAID, ESPECIEVEGETALID, nome, nomeCompleto) VALUES (93, 2, 12, 'S. COSME', 'NABO S. COSME');
INSERT INTO CULTURAS(idCultura, TIPOCULTURAID, ESPECIEVEGETALID, nome, nomeCompleto) VALUES (94, 1, 15, 'DONA MARIA', 'VIDEIRA DONA MARIA');
INSERT INTO CULTURAS(idCultura, TIPOCULTURAID, ESPECIEVEGETALID, nome, nomeCompleto) VALUES (95, 1, 15, 'CARDINAL', 'VIDEIRA CARDINAL');
INSERT INTO CULTURAS(idCultura, TIPOCULTURAID, ESPECIEVEGETALID, nome, nomeCompleto) VALUES (96, 2, 16, 'ABOBORA MANTEIGA', 'ABOBORA MANTEIGA');

INSERT INTO CICLOS(nomeCiclo, ESPECIEVEGETALID, inicio, fim, UNIDADEMEDIDAID) VALUES ('PODA', 1, 11, 12, 'mes');

INSERT INTO CICLOS(nomeCiclo, ESPECIEVEGETALID, inicio, fim, UNIDADEMEDIDAID) VALUES ('FLORAÇÃO', 1, 2, 3, 'mes');

INSERT INTO CICLOS(nomeCiclo, ESPECIEVEGETALID, inicio, fim, UNIDADEMEDIDAID) VALUES ('COLHEITA', 1, 7, 8, 'mes');

INSERT INTO CICLOS(nomeCiclo, ESPECIEVEGETALID, inicio, fim, UNIDADEMEDIDAID) VALUES ('PODA', 2, 11, 12, 'mes');

INSERT INTO CICLOS(nomeCiclo, ESPECIEVEGETALID, inicio, fim, UNIDADEMEDIDAID) VALUES ('FLORAÇÃO', 2, 2, 3, 'mes');

INSERT INTO CICLOS(nomeCiclo, ESPECIEVEGETALID, inicio, fim, UNIDADEMEDIDAID) VALUES ('COLHEITA', 2, 7, 8, 'mes');

INSERT INTO CICLOS(nomeCiclo, ESPECIEVEGETALID, inicio, fim, UNIDADEMEDIDAID) VALUES ('PODA', 3, 11, 12, 'mes');

INSERT INTO CICLOS(nomeCiclo, ESPECIEVEGETALID, inicio, fim, UNIDADEMEDIDAID) VALUES ('FLORAÇÃO', 3, 3, 4, 'mes');

INSERT INTO CICLOS(nomeCiclo, ESPECIEVEGETALID, inicio, fim, UNIDADEMEDIDAID) VALUES ('COLHEITA', 3, 8, 9, 'mes');

INSERT INTO CICLOS(nomeCiclo, ESPECIEVEGETALID, inicio, fim, UNIDADEMEDIDAID) VALUES ('COLHEITA', 8, 0, 80, 'dia');

INSERT INTO CICLOS(nomeCiclo, ESPECIEVEGETALID, inicio, fim, UNIDADEMEDIDAID) VALUES ('SEMENTEIRA', 11, 4, 6, 'mes');

INSERT INTO CICLOS(nomeCiclo, ESPECIEVEGETALID, inicio, fim, UNIDADEMEDIDAID) VALUES ('COLHEITA', 11, 7, 9, 'mes');

INSERT INTO CICLOS(nomeCiclo, ESPECIEVEGETALID, inicio, fim, UNIDADEMEDIDAID) VALUES ('SEMENTEIRA', 12, 3, 9, 'mes');

INSERT INTO CICLOS(nomeCiclo, ESPECIEVEGETALID, inicio, fim, UNIDADEMEDIDAID) VALUES ('COLHEITA', 12, 6, 2, 'mes');

INSERT INTO CICLOS(nomeCiclo, ESPECIEVEGETALID, inicio, fim, UNIDADEMEDIDAID) VALUES ('COLHEITA', 13, 10, 11, 'mes');

INSERT INTO CICLOS(nomeCiclo, ESPECIEVEGETALID, inicio, fim, UNIDADEMEDIDAID) VALUES ('SEMENTEIRA', 14, 2, 4, 'mes');
INSERT INTO CICLOS(nomeCiclo, ESPECIEVEGETALID, inicio, fim, UNIDADEMEDIDAID) VALUES ('SEMENTEIRA', 14, 8, 10, 'mes');

INSERT INTO CICLOS(nomeCiclo, ESPECIEVEGETALID, inicio, fim, UNIDADEMEDIDAID) VALUES ('COLHEITA', 14, 0, 90, 'dia');

INSERT INTO CICLOS(nomeCiclo, ESPECIEVEGETALID, inicio, fim, UNIDADEMEDIDAID) VALUES ('PODA', 15, 12, 1, 'mes');

INSERT INTO CICLOS(nomeCiclo, ESPECIEVEGETALID, inicio, fim, UNIDADEMEDIDAID) VALUES ('FLORAÇÃO', 15, 5, 5, 'mes');

INSERT INTO CICLOS(nomeCiclo, ESPECIEVEGETALID, inicio, fim, UNIDADEMEDIDAID) VALUES ('COLHEITA', 15, 6, 8, 'mes');


INSERT INTO PRODUTOS(CULTURAID, produto) VALUES (1, 'AMEIXA');
INSERT INTO PRODUTOS(CULTURAID, produto) VALUES (2, 'AMEIXA');
INSERT INTO PRODUTOS(CULTURAID, produto) VALUES (3, 'AMEIXA');
INSERT INTO PRODUTOS(CULTURAID, produto) VALUES (4, 'AMEIXA');
INSERT INTO PRODUTOS(CULTURAID, produto) VALUES (5, 'AMEIXA');
INSERT INTO PRODUTOS(CULTURAID, produto) VALUES (6, 'AMEIXA');
INSERT INTO PRODUTOS(CULTURAID, produto) VALUES (7, 'AMEIXA');
INSERT INTO PRODUTOS(CULTURAID, produto) VALUES (8, 'AMEIXA');
INSERT INTO PRODUTOS(CULTURAID, produto) VALUES (9, 'AMEIXA');
INSERT INTO PRODUTOS(CULTURAID, produto) VALUES (10, 'AMEIXA');
INSERT INTO PRODUTOS(CULTURAID, produto) VALUES (11, 'AMEIXA');
INSERT INTO PRODUTOS(CULTURAID, produto) VALUES (12, 'AMEIXA');
INSERT INTO PRODUTOS(CULTURAID, produto) VALUES (13, 'AMEIXA');
INSERT INTO PRODUTOS(CULTURAID, produto) VALUES (14, 'AMEIXA');
INSERT INTO PRODUTOS(CULTURAID, produto) VALUES (15, 'AMEIXA');
INSERT INTO PRODUTOS(CULTURAID, produto) VALUES (16, 'AMEIXA');
INSERT INTO PRODUTOS(CULTURAID, produto) VALUES (17, 'AMEIXA');
INSERT INTO PRODUTOS(CULTURAID, produto) VALUES (18, 'AMEIXA');
INSERT INTO PRODUTOS(CULTURAID, produto) VALUES (19, 'AMEIXA');
INSERT INTO PRODUTOS(CULTURAID, produto) VALUES (20, 'AMEIXA');
INSERT INTO PRODUTOS(CULTURAID, produto) VALUES (21, 'AMEIXA');
INSERT INTO PRODUTOS(CULTURAID, produto) VALUES (22, 'AMEIXA');
INSERT INTO PRODUTOS(CULTURAID, produto) VALUES (23, 'AMEIXA');
INSERT INTO PRODUTOS(CULTURAID, produto) VALUES (24, 'AMEIXA');
INSERT INTO PRODUTOS(CULTURAID, produto) VALUES (25, 'AMEIXA');
INSERT INTO PRODUTOS(CULTURAID, produto) VALUES (26, 'AMEIXA');
INSERT INTO PRODUTOS(CULTURAID, produto) VALUES (27, 'DAMASCO');
INSERT INTO PRODUTOS(CULTURAID, produto) VALUES (28, 'DAMASCO');
INSERT INTO PRODUTOS(CULTURAID, produto) VALUES (29, 'DAMASCO');
INSERT INTO PRODUTOS(CULTURAID, produto) VALUES (30, 'DAMASCO');
INSERT INTO PRODUTOS(CULTURAID, produto) VALUES (31, 'DAMASCO');
INSERT INTO PRODUTOS(CULTURAID, produto) VALUES (32, 'MAÇA');
INSERT INTO PRODUTOS(CULTURAID, produto) VALUES (33, 'MAÇA');
INSERT INTO PRODUTOS(CULTURAID, produto) VALUES (34, 'MAÇA');
INSERT INTO PRODUTOS(CULTURAID, produto) VALUES (35, 'MAÇA');
INSERT INTO PRODUTOS(CULTURAID, produto) VALUES (36, 'MAÇA');
INSERT INTO PRODUTOS(CULTURAID, produto) VALUES (37, 'MAÇA');
INSERT INTO PRODUTOS(CULTURAID, produto) VALUES (38, 'MAÇA');
INSERT INTO PRODUTOS(CULTURAID, produto) VALUES (39, 'MAÇA');
INSERT INTO PRODUTOS(CULTURAID, produto) VALUES (40, 'MAÇA');
INSERT INTO PRODUTOS(CULTURAID, produto) VALUES (41, 'MAÇA');
INSERT INTO PRODUTOS(CULTURAID, produto) VALUES (42, 'MAÇA');
INSERT INTO PRODUTOS(CULTURAID, produto) VALUES (43, 'MAÇA');
INSERT INTO PRODUTOS(CULTURAID, produto) VALUES (44, 'MAÇA');
INSERT INTO PRODUTOS(CULTURAID, produto) VALUES (45, 'MAÇA');
INSERT INTO PRODUTOS(CULTURAID, produto) VALUES (46, 'MAÇA');
INSERT INTO PRODUTOS(CULTURAID, produto) VALUES (47, 'MAÇA');
INSERT INTO PRODUTOS(CULTURAID, produto) VALUES (48, 'MAÇA');
INSERT INTO PRODUTOS(CULTURAID, produto) VALUES (49, 'MAÇA');
INSERT INTO PRODUTOS(CULTURAID, produto) VALUES (50, 'MAÇA');
INSERT INTO PRODUTOS(CULTURAID, produto) VALUES (51, 'MAÇA');
INSERT INTO PRODUTOS(CULTURAID, produto) VALUES (52, 'MAÇA');
INSERT INTO PRODUTOS(CULTURAID, produto) VALUES (53, 'MAÇA');
INSERT INTO PRODUTOS(CULTURAID, produto) VALUES (54, 'MAÇA');
INSERT INTO PRODUTOS(CULTURAID, produto) VALUES (55, 'MAÇA');
INSERT INTO PRODUTOS(CULTURAID, produto) VALUES (56, 'MAÇA');
INSERT INTO PRODUTOS(CULTURAID, produto) VALUES (57, 'MAÇA');
INSERT INTO PRODUTOS(CULTURAID, produto) VALUES (58, 'MAÇA');
INSERT INTO PRODUTOS(CULTURAID, produto) VALUES (59, 'MAÇA');
INSERT INTO PRODUTOS(CULTURAID, produto) VALUES (60, 'MAÇA');
INSERT INTO PRODUTOS(CULTURAID, produto) VALUES (61, 'MAÇA');
INSERT INTO PRODUTOS(CULTURAID, produto) VALUES (62, 'MAÇA');
INSERT INTO PRODUTOS(CULTURAID, produto) VALUES (63, 'MAÇA');
INSERT INTO PRODUTOS(CULTURAID, produto) VALUES (64, 'MAÇA');
INSERT INTO PRODUTOS(CULTURAID, produto) VALUES (65, 'MAÇA');
INSERT INTO PRODUTOS(CULTURAID, produto) VALUES (66, 'MAÇA');
INSERT INTO PRODUTOS(CULTURAID, produto) VALUES (67, 'MAÇA');
INSERT INTO PRODUTOS(CULTURAID, produto) VALUES (68, 'MAÇA');
INSERT INTO PRODUTOS(CULTURAID, produto) VALUES (0, 'PERA NASHI');
INSERT INTO PRODUTOS(CULTURAID, produto) VALUES (73, 'CENOURA');
INSERT INTO PRODUTOS(CULTURAID, produto) VALUES (74, 'CENOURA');
INSERT INTO PRODUTOS(CULTURAID, produto) VALUES (75, 'CENOURA');
INSERT INTO PRODUTOS(CULTURAID, produto) VALUES (76, 'CENOURA');
INSERT INTO PRODUTOS(CULTURAID, produto) VALUES (77, 'CENOURA');
INSERT INTO PRODUTOS(CULTURAID, produto) VALUES (78, 'CENOURA');
INSERT INTO PRODUTOS(CULTURAID, produto) VALUES (79, 'CENOURA');
INSERT INTO PRODUTOS(CULTURAID, produto) VALUES (82, 'MILHO');
INSERT INTO PRODUTOS(CULTURAID, produto) VALUES (83, 'MILHO');
INSERT INTO PRODUTOS(CULTURAID, produto) VALUES (85, 'AZEITONA');
INSERT INTO PRODUTOS(CULTURAID, produto) VALUES (86, 'AZEITONA');
INSERT INTO PRODUTOS(CULTURAID, produto) VALUES (87, 'AZEITONA');
INSERT INTO PRODUTOS(CULTURAID, produto) VALUES (88, 'AZEITONA');
INSERT INTO PRODUTOS(CULTURAID, produto) VALUES (89, 'AZEITONA');
INSERT INTO PRODUTOS(CULTURAID, produto) VALUES (90, 'AZEITONA');
INSERT INTO PRODUTOS(CULTURAID, produto) VALUES (91, 'AZEITONA');
INSERT INTO PRODUTOS(CULTURAID, produto) VALUES (92, 'AZEITONA');
INSERT INTO PRODUTOS(CULTURAID, produto) VALUES (93, 'NABO');
INSERT INTO PRODUTOS(CULTURAID, produto) VALUES (94, 'UVA');
INSERT INTO PRODUTOS(CULTURAID, produto) VALUES (95, 'UVA');

INSERT INTO SUBSTANCIAS(idSubstancia, substancia, percentagem, UNIDADEMEDIDA) VALUES (1, 'CU', 0.2, '%');
INSERT INTO SUBSTANCIAS(idSubstancia, substancia, percentagem, UNIDADEMEDIDA) VALUES (2, 'S', 0.8, '%');
INSERT INTO SUBSTANCIAS(idSubstancia, substancia, percentagem, UNIDADEMEDIDA) VALUES (3, 'K', 0.249, '%');
INSERT INTO SUBSTANCIAS(idSubstancia, substancia, percentagem, UNIDADEMEDIDA) VALUES (4, 'Mg', 0.06, '%');
INSERT INTO SUBSTANCIAS(idSubstancia, substancia, percentagem, UNIDADEMEDIDA) VALUES (5, 'S', 0.176, '%');
INSERT INTO SUBSTANCIAS(idSubstancia, substancia, percentagem, UNIDADEMEDIDA) VALUES (6, 'Mg', 0.151, '%');
INSERT INTO SUBSTANCIAS(idSubstancia, substancia, percentagem, UNIDADEMEDIDA) VALUES (7, 'S', 0.208, '%');
INSERT INTO SUBSTANCIAS(idSubstancia, substancia, percentagem, UNIDADEMEDIDA) VALUES (8, 'Mg', 0.09, '%');
INSERT INTO SUBSTANCIAS(idSubstancia, substancia, percentagem, UNIDADEMEDIDA) VALUES (9, 'S', 0.124, '%');
INSERT INTO SUBSTANCIAS(idSubstancia, substancia, percentagem, UNIDADEMEDIDA) VALUES (10, 'B', 0.009, '%');
INSERT INTO SUBSTANCIAS(idSubstancia, substancia, percentagem, UNIDADEMEDIDA) VALUES (11, 'Mn', 0.01, '%');
INSERT INTO SUBSTANCIAS(idSubstancia, substancia, percentagem, UNIDADEMEDIDA) VALUES (12, 'Mg', 0.096, '%');
INSERT INTO SUBSTANCIAS(idSubstancia, substancia, percentagem, UNIDADEMEDIDA) VALUES (13, 'S', 0.13, '%');
INSERT INTO SUBSTANCIAS(idSubstancia, substancia, percentagem, UNIDADEMEDIDA) VALUES (14, 'CaCO3', 0.882, '%');
INSERT INTO SUBSTANCIAS(idSubstancia, substancia, percentagem, UNIDADEMEDIDA) VALUES (15, 'MgCO3', 0.019, '%');
INSERT INTO SUBSTANCIAS(idSubstancia, substancia, percentagem, UNIDADEMEDIDA) VALUES (16, 'CaCO3', 0.717, '%');
INSERT INTO SUBSTANCIAS(idSubstancia, substancia, percentagem, UNIDADEMEDIDA) VALUES (17, 'MgCO3', 0.148, '%');
INSERT INTO SUBSTANCIAS(idSubstancia, substancia, percentagem, UNIDADEMEDIDA) VALUES (18, 'MgO', 0.079, '%');
INSERT INTO SUBSTANCIAS(idSubstancia, substancia, percentagem, UNIDADEMEDIDA) VALUES (19, 'Bacillus pumilus', 0.9774, '%');
INSERT INTO SUBSTANCIAS(idSubstancia, substancia, percentagem, UNIDADEMEDIDA) VALUES (20, 'Ácidos gordos (na forma de sais de potássio)', 0.478, '%');
INSERT INTO SUBSTANCIAS(idSubstancia, substancia, percentagem, UNIDADEMEDIDA) VALUES (21, 'Terpenóides', 0.1442, '%');
INSERT INTO SUBSTANCIAS(idSubstancia, substancia, percentagem, UNIDADEMEDIDA) VALUES (22, 'Matéria Orgânica', 0.5, '%');
INSERT INTO SUBSTANCIAS(idSubstancia, substancia, percentagem, UNIDADEMEDIDA) VALUES (23, 'pH', 6.7, 'pH');
INSERT INTO SUBSTANCIAS(idSubstancia, substancia, percentagem, UNIDADEMEDIDA) VALUES (24, 'N', 0.03, '%');
INSERT INTO SUBSTANCIAS(idSubstancia, substancia, percentagem, UNIDADEMEDIDA) VALUES (25, 'P2O5', 0.008, '%');
INSERT INTO SUBSTANCIAS(idSubstancia, substancia, percentagem, UNIDADEMEDIDA) VALUES (26, 'K2O', 0.004, '%');
INSERT INTO SUBSTANCIAS(idSubstancia, substancia, percentagem, UNIDADEMEDIDA) VALUES (27, 'Ca', 0.016, '%');
INSERT INTO SUBSTANCIAS(idSubstancia, substancia, percentagem, UNIDADEMEDIDA) VALUES (28, 'MgO', 0.003, '%');
INSERT INTO SUBSTANCIAS(idSubstancia, substancia, percentagem, UNIDADEMEDIDA) VALUES (29, 'B', 4.0E-5, '%');
INSERT INTO SUBSTANCIAS(idSubstancia, substancia, percentagem, UNIDADEMEDIDA) VALUES (30, 'Matéria Orgânica', 0.53, '%');
INSERT INTO SUBSTANCIAS(idSubstancia, substancia, percentagem, UNIDADEMEDIDA) VALUES (31, 'pH', 6.5, 'pH');
INSERT INTO SUBSTANCIAS(idSubstancia, substancia, percentagem, UNIDADEMEDIDA) VALUES (32, 'N', 0.064, '%');
INSERT INTO SUBSTANCIAS(idSubstancia, substancia, percentagem, UNIDADEMEDIDA) VALUES (33, 'P2O5', 0.025, '%');
INSERT INTO SUBSTANCIAS(idSubstancia, substancia, percentagem, UNIDADEMEDIDA) VALUES (34, 'K2O', 0.024, '%');
INSERT INTO SUBSTANCIAS(idSubstancia, substancia, percentagem, UNIDADEMEDIDA) VALUES (35, 'Ca', 0.06, '%');
INSERT INTO SUBSTANCIAS(idSubstancia, substancia, percentagem, UNIDADEMEDIDA) VALUES (36, 'MgO', 0.03, '%');
INSERT INTO SUBSTANCIAS(idSubstancia, substancia, percentagem, UNIDADEMEDIDA) VALUES (37, 'B', 2.0E-5, '%');

INSERT INTO FORMULACOES(idFormulacao, formato, tipo, aplicacao) VALUES (1, 'PÓ MOLHÁVEL', 'FITOFÁRMACO', 'FUNGICIDA');
INSERT INTO FORMULACOES(idFormulacao, formato, tipo, aplicacao) VALUES (2, 'GRANULADO', 'ADUBO', 'ADUBO SOLO');
INSERT INTO FORMULACOES(idFormulacao, formato, tipo, aplicacao) VALUES (3, 'GRANULADO', 'ADUBO', 'ADUBO FOLIAR+FERTIRREGA');
INSERT INTO FORMULACOES(idFormulacao, formato, tipo, aplicacao) VALUES (4, 'GRANULADO', 'ADUBO', 'ADUBO FOLIAR');
INSERT INTO FORMULACOES(idFormulacao, formato, tipo, aplicacao) VALUES (5, 'GRANULADO', 'CORRETOR', 'CORREÇÃO SOLO');
INSERT INTO FORMULACOES(idFormulacao, formato, tipo, aplicacao) VALUES (6, 'PÓ', 'CORRETOR', 'CORREÇÃO SOLO');
INSERT INTO FORMULACOES(idFormulacao, formato, tipo, aplicacao) VALUES (7, 'LÍQUIDO', 'FITOFÁRMACO', 'FUNGICIDA');
INSERT INTO FORMULACOES(idFormulacao, formato, tipo, aplicacao) VALUES (8, 'EMULSÃO DE ÓLEO EM ÁGUA', 'FITOFÁRMACO', 'INSECTICIDA');
INSERT INTO FORMULACOES(idFormulacao, formato, tipo, aplicacao) VALUES (9, 'LÍQUIDO', 'FITOFÁRMACO', 'INSECTICIDA');

INSERT INTO FICHAS_TECNICAS(idFichaTecnica) VALUES (1);
INSERT INTO FICHAS_TECNICAS(idFichaTecnica) VALUES (2);
INSERT INTO FICHAS_TECNICAS(idFichaTecnica) VALUES (3);
INSERT INTO FICHAS_TECNICAS(idFichaTecnica) VALUES (4);
INSERT INTO FICHAS_TECNICAS(idFichaTecnica) VALUES (5);
INSERT INTO FICHAS_TECNICAS(idFichaTecnica) VALUES (6);
INSERT INTO FICHAS_TECNICAS(idFichaTecnica) VALUES (7);
INSERT INTO FICHAS_TECNICAS(idFichaTecnica) VALUES (8);
INSERT INTO FICHAS_TECNICAS(idFichaTecnica) VALUES (9);
INSERT INTO FICHAS_TECNICAS(idFichaTecnica) VALUES (10);
INSERT INTO FICHAS_TECNICAS(idFichaTecnica) VALUES (11);
INSERT INTO FICHAS_TECNICAS(idFichaTecnica) VALUES (12);
INSERT INTO FICHAS_TECNICAS(idFichaTecnica) VALUES (13);

INSERT INTO COMPONENTES(FICHATECNICAID, idxComponente, SUBSTANCIAID) VALUES (1, 1, 1);
INSERT INTO COMPONENTES(FICHATECNICAID, idxComponente, SUBSTANCIAID) VALUES (2, 1, 2);
INSERT INTO COMPONENTES(FICHATECNICAID, idxComponente, SUBSTANCIAID) VALUES (3, 1, 3);
INSERT INTO COMPONENTES(FICHATECNICAID, idxComponente, SUBSTANCIAID) VALUES (3, 2, 4);
INSERT INTO COMPONENTES(FICHATECNICAID, idxComponente, SUBSTANCIAID) VALUES (3, 3, 5);
INSERT INTO COMPONENTES(FICHATECNICAID, idxComponente, SUBSTANCIAID) VALUES (4, 1, 6);
INSERT INTO COMPONENTES(FICHATECNICAID, idxComponente, SUBSTANCIAID) VALUES (4, 2, 7);
INSERT INTO COMPONENTES(FICHATECNICAID, idxComponente, SUBSTANCIAID) VALUES (5, 1, 8);
INSERT INTO COMPONENTES(FICHATECNICAID, idxComponente, SUBSTANCIAID) VALUES (5, 2, 9);
INSERT INTO COMPONENTES(FICHATECNICAID, idxComponente, SUBSTANCIAID) VALUES (5, 3, 10);
INSERT INTO COMPONENTES(FICHATECNICAID, idxComponente, SUBSTANCIAID) VALUES (5, 4, 11);
INSERT INTO COMPONENTES(FICHATECNICAID, idxComponente, SUBSTANCIAID) VALUES (6, 1, 12);
INSERT INTO COMPONENTES(FICHATECNICAID, idxComponente, SUBSTANCIAID) VALUES (6, 2, 13);
INSERT INTO COMPONENTES(FICHATECNICAID, idxComponente, SUBSTANCIAID) VALUES (7, 1, 14);
INSERT INTO COMPONENTES(FICHATECNICAID, idxComponente, SUBSTANCIAID) VALUES (7, 2, 15);
INSERT INTO COMPONENTES(FICHATECNICAID, idxComponente, SUBSTANCIAID) VALUES (8, 1, 16);
INSERT INTO COMPONENTES(FICHATECNICAID, idxComponente, SUBSTANCIAID) VALUES (8, 2, 17);
INSERT INTO COMPONENTES(FICHATECNICAID, idxComponente, SUBSTANCIAID) VALUES (8, 3, 18);
INSERT INTO COMPONENTES(FICHATECNICAID, idxComponente, SUBSTANCIAID) VALUES (9, 1, 19);
INSERT INTO COMPONENTES(FICHATECNICAID, idxComponente, SUBSTANCIAID) VALUES (10, 1, 20);
INSERT INTO COMPONENTES(FICHATECNICAID, idxComponente, SUBSTANCIAID) VALUES (11, 1, 21);
INSERT INTO COMPONENTES(FICHATECNICAID, idxComponente, SUBSTANCIAID) VALUES (12, 1, 22);
INSERT INTO COMPONENTES(FICHATECNICAID, idxComponente, SUBSTANCIAID) VALUES (12, 2, 23);
INSERT INTO COMPONENTES(FICHATECNICAID, idxComponente, SUBSTANCIAID) VALUES (12, 3, 24);
INSERT INTO COMPONENTES(FICHATECNICAID, idxComponente, SUBSTANCIAID) VALUES (12, 4, 25);
INSERT INTO COMPONENTES(FICHATECNICAID, idxComponente, SUBSTANCIAID) VALUES (12, 5, 26);
INSERT INTO COMPONENTES(FICHATECNICAID, idxComponente, SUBSTANCIAID) VALUES (12, 6, 27);
INSERT INTO COMPONENTES(FICHATECNICAID, idxComponente, SUBSTANCIAID) VALUES (12, 7, 28);
INSERT INTO COMPONENTES(FICHATECNICAID, idxComponente, SUBSTANCIAID) VALUES (12, 8, 29);
INSERT INTO COMPONENTES(FICHATECNICAID, idxComponente, SUBSTANCIAID) VALUES (13, 1, 30);
INSERT INTO COMPONENTES(FICHATECNICAID, idxComponente, SUBSTANCIAID) VALUES (13, 2, 31);
INSERT INTO COMPONENTES(FICHATECNICAID, idxComponente, SUBSTANCIAID) VALUES (13, 3, 32);
INSERT INTO COMPONENTES(FICHATECNICAID, idxComponente, SUBSTANCIAID) VALUES (13, 4, 33);
INSERT INTO COMPONENTES(FICHATECNICAID, idxComponente, SUBSTANCIAID) VALUES (13, 5, 34);
INSERT INTO COMPONENTES(FICHATECNICAID, idxComponente, SUBSTANCIAID) VALUES (13, 6, 35);
INSERT INTO COMPONENTES(FICHATECNICAID, idxComponente, SUBSTANCIAID) VALUES (13, 7, 36);
INSERT INTO COMPONENTES(FICHATECNICAID, idxComponente, SUBSTANCIAID) VALUES (13, 8, 37);

INSERT INTO FATORES_PRODUCAO(idFatorProducao, fabricante, FORMULACAOID, FICHATECNICAID) VALUES ('CALDA BORDALESA ASCENZA', 'ASCENZA', 1, 1);
INSERT INTO FATORES_PRODUCAO(idFatorProducao, fabricante, FORMULACAOID, FICHATECNICAID) VALUES ('ENXOFRE BAYER 80 WG', 'BAYER', 1, 2);
INSERT INTO FATORES_PRODUCAO(idFatorProducao, fabricante, FORMULACAOID, FICHATECNICAID) VALUES ('PATENTKALI', 'K+S', 2, 3);
INSERT INTO FATORES_PRODUCAO(idFatorProducao, fabricante, FORMULACAOID, FICHATECNICAID) VALUES ('ESTA KIESERIT', 'K+S', 2, 4);
INSERT INTO FATORES_PRODUCAO(idFatorProducao, fabricante, FORMULACAOID, FICHATECNICAID) VALUES ('EPSO MICROTOP', 'K+S', 3, 5);
INSERT INTO FATORES_PRODUCAO(idFatorProducao, fabricante, FORMULACAOID, FICHATECNICAID) VALUES ('EPSO TOP', 'K+S', 4, 6);
INSERT INTO FATORES_PRODUCAO(idFatorProducao, fabricante, FORMULACAOID, FICHATECNICAID) VALUES ('BIOCAL CACO3', 'BIOCAL', 5, 7);
INSERT INTO FATORES_PRODUCAO(idFatorProducao, fabricante, FORMULACAOID, FICHATECNICAID) VALUES ('BIOCAL COMPOSTO', 'BIOCAL', 6, 8);
INSERT INTO FATORES_PRODUCAO(idFatorProducao, fabricante, FORMULACAOID, FICHATECNICAID) VALUES ('SONATA', 'BAYER', 7, 9);
INSERT INTO FATORES_PRODUCAO(idFatorProducao, fabricante, FORMULACAOID, FICHATECNICAID) VALUES ('FLIPPER ', 'BAYER', 8, 10);
INSERT INTO FATORES_PRODUCAO(idFatorProducao, fabricante, FORMULACAOID, FICHATECNICAID) VALUES ('REQUIEM PRIME', 'BAYER', 9, 11);
INSERT INTO FATORES_PRODUCAO(idFatorProducao, fabricante, FORMULACAOID, FICHATECNICAID) VALUES ('FERTIMAX EXTRUME DE CAVALO', 'NUTROFERTIL', 2, 12);
INSERT INTO FATORES_PRODUCAO(idFatorProducao, fabricante, FORMULACAOID, FICHATECNICAID) VALUES ('BIOFERTIL N6', 'NUTROFERTIL', 2, 13);

INSERT INTO EDIFICIOS(QUINTAID, idEdificio) VALUES (1, 303);
INSERT INTO EDIFICIOS(QUINTAID, idEdificio) VALUES (1, 201);
INSERT INTO EDIFICIOS(QUINTAID, idEdificio) VALUES (1, 202);
INSERT INTO EDIFICIOS(QUINTAID, idEdificio) VALUES (1, 203);
INSERT INTO EDIFICIOS(QUINTAID, idEdificio) VALUES (1, 250);
INSERT INTO EDIFICIOS(QUINTAID, idEdificio) VALUES (1, 301);
INSERT INTO EDIFICIOS(QUINTAID, idEdificio) VALUES (1, 302);

INSERT INTO PARCELAS(QUINTAID, idParcela, nome, area, UNIDADEMEDIDA) VALUES (1, 101, 'CAMPO DA BOUÇA', 1.2, 'ha');
INSERT INTO PARCELAS(QUINTAID, idParcela, nome, area, UNIDADEMEDIDA) VALUES (1, 102, 'CAMPO GRANDE', 3.0, 'ha');
INSERT INTO PARCELAS(QUINTAID, idParcela, nome, area, UNIDADEMEDIDA) VALUES (1, 103, 'CAMPO DO POÇO', 1.5, 'ha');
INSERT INTO PARCELAS(QUINTAID, idParcela, nome, area, UNIDADEMEDIDA) VALUES (1, 104, 'LAMEIRO DA PONTE', 0.8, 'ha');
INSERT INTO PARCELAS(QUINTAID, idParcela, nome, area, UNIDADEMEDIDA) VALUES (1, 105, 'LAMEIRO DO MOINHO', 1.1, 'ha');
INSERT INTO PARCELAS(QUINTAID, idParcela, nome, area, UNIDADEMEDIDA) VALUES (1, 106, 'HORTA NOVA', 0.3, 'ha');
INSERT INTO PARCELAS(QUINTAID, idParcela, nome, area, UNIDADEMEDIDA) VALUES (1, 107, 'VINHA', 2.0, 'ha');
INSERT INTO PARCELAS(QUINTAID, idParcela, nome, area, UNIDADEMEDIDA) VALUES (1, 108, 'CAMPO NOVO', 1.1, 'ha');

INSERT INTO ARMAZENS(QUINTAID, EDIFICIOID, nome, area, UNIDADEMEDIDA) VALUES (1, 201, 'ESPIGUEIRO', 600.0, 'm2');
INSERT INTO ARMAZENS(QUINTAID, EDIFICIOID, nome, area, UNIDADEMEDIDA) VALUES (1, 202, 'ARMAZÉM NOVO', 800.0, 'm2');

INSERT INTO GARAGENS(QUINTAID, EDIFICIOID, nome, area, UNIDADEMEDIDA) VALUES (1, 203, 'ARMAZÉM GRANDE', 900.0, 'm2');

INSERT INTO MOINHOS(QUINTAID, EDIFICIOID, nome, area, UNIDADEMEDIDA) VALUES (1, 250, 'MOINHO', 0.0, 'un');

INSERT INTO SISTEMAS_REGA(QUINTAID, EDIFICIOID, nome, area, UNIDADEMEDIDA) VALUES (1, 303, 'Sist-Rega Novo S2', 50.0, 'm3');
INSERT INTO SISTEMAS_REGA(QUINTAID, EDIFICIOID, nome, area, UNIDADEMEDIDA) VALUES (1, 301, 'TANQUE DO CAMPO GRANDE', 18.0, 'm3');
INSERT INTO SISTEMAS_REGA(QUINTAID, EDIFICIOID, nome, area, UNIDADEMEDIDA) VALUES (1, 302, 'POÇO DA BOUÇA', 35.0, 'm3');

INSERT INTO SETORES_REGA(idSetor, QUINTAID, EDIFICIOID, dataInicio, dataFim, caudalMaximo, UNIDADEMEDIDA) VALUES (0, 1, 303, TO_DATE('2017-05-01', 'YYYY-MM-DD'), null, 200000.0, 'l/h');
INSERT INTO SETORES_REGA(idSetor, QUINTAID, EDIFICIOID, dataInicio, dataFim, caudalMaximo, UNIDADEMEDIDA) VALUES (10, 1, 303, TO_DATE('2017/05/01', 'YYYY-MM-DD'), null, 2500.0, 'l/h');
INSERT INTO SETORES_REGA(idSetor, QUINTAID, EDIFICIOID, dataInicio, dataFim, caudalMaximo, UNIDADEMEDIDA) VALUES (11, 1, 303, TO_DATE('2017/05/01', 'YYYY-MM-DD'), null, 1500.0, 'l/h');
INSERT INTO SETORES_REGA(idSetor, QUINTAID, EDIFICIOID, dataInicio, dataFim, caudalMaximo, UNIDADEMEDIDA) VALUES (21, 1, 303, TO_DATE('2017/05/01', 'YYYY-MM-DD'), null, 3500.0, 'l/h');
INSERT INTO SETORES_REGA(idSetor, QUINTAID, EDIFICIOID, dataInicio, dataFim, caudalMaximo, UNIDADEMEDIDA) VALUES (22, 1, 303, TO_DATE('2019/05/01', 'YYYY-MM-DD'), null, 3500.0, 'l/h');
INSERT INTO SETORES_REGA(idSetor, QUINTAID, EDIFICIOID, dataInicio, dataFim, caudalMaximo, UNIDADEMEDIDA) VALUES (41, 1, 303, TO_DATE('2023/04/01', 'YYYY-MM-DD'), TO_DATE('2023/10/10', 'YYYY-MM-DD'), 2500.0, 'l/h');
INSERT INTO SETORES_REGA(idSetor, QUINTAID, EDIFICIOID, dataInicio, dataFim, caudalMaximo, UNIDADEMEDIDA) VALUES (42, 1, 303, TO_DATE('2023/04/01', 'YYYY-MM-DD'), TO_DATE('2023/10/10', 'YYYY-MM-DD'), 3500.0, 'l/h');

INSERT INTO CULTIVOS(QUINTAID, PARCELAID, CULTURAID, dataInicio, dataFim, quantidade, UNIDADEMEDIDA, SETORREGAID) VALUES (1, 101, 0, TO_DATE('2015-01-01', 'YYYY-MM-DD'), null, 1.2, 'ha', null);
INSERT INTO CULTIVOS(QUINTAID, PARCELAID, CULTURAID, dataInicio, dataFim, quantidade, UNIDADEMEDIDA, SETORREGAID) VALUES (1, 102, 0, TO_DATE('2015-01-01', 'YYYY-MM-DD'), null, 3.0, 'ha', null);
INSERT INTO CULTIVOS(QUINTAID, PARCELAID, CULTURAID, dataInicio, dataFim, quantidade, UNIDADEMEDIDA, SETORREGAID) VALUES (1, 103, 0, TO_DATE('2015-01-01', 'YYYY-MM-DD'), null, 1.5, 'ha', null);
INSERT INTO CULTIVOS(QUINTAID, PARCELAID, CULTURAID, dataInicio, dataFim, quantidade, UNIDADEMEDIDA, SETORREGAID) VALUES (1, 104, 0, TO_DATE('2015-01-01', 'YYYY-MM-DD'), null, 0.8, 'ha', null);
INSERT INTO CULTIVOS(QUINTAID, PARCELAID, CULTURAID, dataInicio, dataFim, quantidade, UNIDADEMEDIDA, SETORREGAID) VALUES (1, 105, 0, TO_DATE('2015-01-01', 'YYYY-MM-DD'), null, 1.1, 'ha', null);
INSERT INTO CULTIVOS(QUINTAID, PARCELAID, CULTURAID, dataInicio, dataFim, quantidade, UNIDADEMEDIDA, SETORREGAID) VALUES (1, 106, 0, TO_DATE('2015-01-01', 'YYYY-MM-DD'), null, 0.3, 'ha', null);
INSERT INTO CULTIVOS(QUINTAID, PARCELAID, CULTURAID, dataInicio, dataFim, quantidade, UNIDADEMEDIDA, SETORREGAID) VALUES (1, 107, 0, TO_DATE('2015-01-01', 'YYYY-MM-DD'), null, 2.0, 'ha', null);
INSERT INTO CULTIVOS(QUINTAID, PARCELAID, CULTURAID, dataInicio, dataFim, quantidade, UNIDADEMEDIDA, SETORREGAID) VALUES (1, 101, 80, TO_DATE('2020-10-10', 'YYYY-MM-DD'), TO_DATE('2021-03-30', 'YYYY-MM-DD'), 1.1, 'ha', null);
INSERT INTO CULTIVOS(QUINTAID, PARCELAID, CULTURAID, dataInicio, dataFim, quantidade, UNIDADEMEDIDA, SETORREGAID) VALUES (1, 101, 83, TO_DATE('2021-04-10', 'YYYY-MM-DD'), TO_DATE('2021-08-12', 'YYYY-MM-DD'), 0.9, 'ha', null);
INSERT INTO CULTIVOS(QUINTAID, PARCELAID, CULTURAID, dataInicio, dataFim, quantidade, UNIDADEMEDIDA, SETORREGAID) VALUES (1, 103, 82, TO_DATE('2020-04-05', 'YYYY-MM-DD'), TO_DATE('2020-08-20', 'YYYY-MM-DD'), 1.2, 'ha', null);
INSERT INTO CULTIVOS(QUINTAID, PARCELAID, CULTURAID, dataInicio, dataFim, quantidade, UNIDADEMEDIDA, SETORREGAID) VALUES (1, 103, 80, TO_DATE('2020-10-12', 'YYYY-MM-DD'), TO_DATE('2021-03-15', 'YYYY-MM-DD'), 1.3, 'ha', null);
INSERT INTO CULTIVOS(QUINTAID, PARCELAID, CULTURAID, dataInicio, dataFim, quantidade, UNIDADEMEDIDA, SETORREGAID) VALUES (1, 102, 92, TO_DATE('2016-10-06', 'YYYY-MM-DD'), null, 30.0, 'un', 10);
INSERT INTO CULTIVOS(QUINTAID, PARCELAID, CULTURAID, dataInicio, dataFim, quantidade, UNIDADEMEDIDA, SETORREGAID) VALUES (1, 102, 89, TO_DATE('2016-10-10', 'YYYY-MM-DD'), null, 20.0, 'un', 10);
INSERT INTO CULTIVOS(QUINTAID, PARCELAID, CULTURAID, dataInicio, dataFim, quantidade, UNIDADEMEDIDA, SETORREGAID) VALUES (1, 106, 79, TO_DATE('2020-03-10', 'YYYY-MM-DD'), TO_DATE('2020-05-15', 'YYYY-MM-DD'), 0.15, 'ha', null);
INSERT INTO CULTIVOS(QUINTAID, PARCELAID, CULTURAID, dataInicio, dataFim, quantidade, UNIDADEMEDIDA, SETORREGAID) VALUES (1, 106, 78, TO_DATE('2020-06-02', 'YYYY-MM-DD'), TO_DATE('2020-09-08', 'YYYY-MM-DD'), 0.1, 'ha', null);
INSERT INTO CULTIVOS(QUINTAID, PARCELAID, CULTURAID, dataInicio, dataFim, quantidade, UNIDADEMEDIDA, SETORREGAID) VALUES (1, 106, 93, TO_DATE('2020-09-20', 'YYYY-MM-DD'), TO_DATE('2021-01-10', 'YYYY-MM-DD'), 0.2, 'ha', null);
INSERT INTO CULTIVOS(QUINTAID, PARCELAID, CULTURAID, dataInicio, dataFim, quantidade, UNIDADEMEDIDA, SETORREGAID) VALUES (1, 106, 77, TO_DATE('2021-03-10', 'YYYY-MM-DD'), TO_DATE('2021-05-15', 'YYYY-MM-DD'), 0.15, 'ha', null);
INSERT INTO CULTIVOS(QUINTAID, PARCELAID, CULTURAID, dataInicio, dataFim, quantidade, UNIDADEMEDIDA, SETORREGAID) VALUES (1, 106, 75, TO_DATE('2021-06-02', 'YYYY-MM-DD'), TO_DATE('2021-09-08', 'YYYY-MM-DD'), 0.1, 'ha', null);
INSERT INTO CULTIVOS(QUINTAID, PARCELAID, CULTURAID, dataInicio, dataFim, quantidade, UNIDADEMEDIDA, SETORREGAID) VALUES (1, 106, 84, TO_DATE('2022-09-20', 'YYYY-MM-DD'), TO_DATE('2023-01-14', 'YYYY-MM-DD'), 0.25, 'ha', null);
INSERT INTO CULTIVOS(QUINTAID, PARCELAID, CULTURAID, dataInicio, dataFim, quantidade, UNIDADEMEDIDA, SETORREGAID) VALUES (1, 104, 41, TO_DATE('2017-01-07', 'YYYY-MM-DD'), null, 90.0, 'un', 21);
INSERT INTO CULTIVOS(QUINTAID, PARCELAID, CULTURAID, dataInicio, dataFim, quantidade, UNIDADEMEDIDA, SETORREGAID) VALUES (1, 104, 37, TO_DATE('2017-01-08', 'YYYY-MM-DD'), null, 60.0, 'un', 21);
INSERT INTO CULTIVOS(QUINTAID, PARCELAID, CULTURAID, dataInicio, dataFim, quantidade, UNIDADEMEDIDA, SETORREGAID) VALUES (1, 104, 48, TO_DATE('2017-01-08', 'YYYY-MM-DD'), null, 40.0, 'un', 21);
INSERT INTO CULTIVOS(QUINTAID, PARCELAID, CULTURAID, dataInicio, dataFim, quantidade, UNIDADEMEDIDA, SETORREGAID) VALUES (1, 107, 94, TO_DATE('2018-01-10', 'YYYY-MM-DD'), null, 500.0, 'un', null);
INSERT INTO CULTIVOS(QUINTAID, PARCELAID, CULTURAID, dataInicio, dataFim, quantidade, UNIDADEMEDIDA, SETORREGAID) VALUES (1, 107, 95, TO_DATE('2018-01-11', 'YYYY-MM-DD'), null, 700.0, 'un', null);
INSERT INTO CULTIVOS(QUINTAID, PARCELAID, CULTURAID, dataInicio, dataFim, quantidade, UNIDADEMEDIDA, SETORREGAID) VALUES (1, 108, 0, TO_DATE('2015-01-01', 'YYYY-MM-DD'), null, 1.1, 'ha', null);
INSERT INTO CULTIVOS(QUINTAID, PARCELAID, CULTURAID, dataInicio, dataFim, quantidade, UNIDADEMEDIDA, SETORREGAID) VALUES (1, 105, 44, TO_DATE('2019/05/01', 'YYYY-MM-DD'), null, 50.0, 'un', 22);
INSERT INTO CULTIVOS(QUINTAID, PARCELAID, CULTURAID, dataInicio, dataFim, quantidade, UNIDADEMEDIDA, SETORREGAID) VALUES (1, 105, 56, TO_DATE('2019/05/01', 'YYYY-MM-DD'), null, 20.0, 'un', 22);
INSERT INTO CULTIVOS(QUINTAID, PARCELAID, CULTURAID, dataInicio, dataFim, quantidade, UNIDADEMEDIDA, SETORREGAID) VALUES (1, 105, 45, TO_DATE('2019/05/01', 'YYYY-MM-DD'), null, 30.0, 'un', 22);
INSERT INTO CULTIVOS(QUINTAID, PARCELAID, CULTURAID, dataInicio, dataFim, quantidade, UNIDADEMEDIDA, SETORREGAID) VALUES (1, 105, 46, TO_DATE('2019/05/01', 'YYYY-MM-DD'), null, 40.0, 'un', 22);
INSERT INTO CULTIVOS(QUINTAID, PARCELAID, CULTURAID, dataInicio, dataFim, quantidade, UNIDADEMEDIDA, SETORREGAID) VALUES (1, 105, 57, TO_DATE('2019/05/01', 'YYYY-MM-DD'), null, 50.0, 'un', 22);
INSERT INTO CULTIVOS(QUINTAID, PARCELAID, CULTURAID, dataInicio, dataFim, quantidade, UNIDADEMEDIDA, SETORREGAID) VALUES (1, 108, 77, TO_DATE('2023/04/05', 'YYYY-MM-DD'), TO_DATE('2023/05/31', 'YYYY-MM-DD'), 0.0, 'm2', 41);
INSERT INTO CULTIVOS(QUINTAID, PARCELAID, CULTURAID, dataInicio, dataFim, quantidade, UNIDADEMEDIDA, SETORREGAID) VALUES (1, 108, 75, TO_DATE('2023/07/05', 'YYYY-MM-DD'), TO_DATE('2023/10/08', 'YYYY-MM-DD'), 0.0, 'm2', 41);
INSERT INTO CULTIVOS(QUINTAID, PARCELAID, CULTURAID, dataInicio, dataFim, quantidade, UNIDADEMEDIDA, SETORREGAID) VALUES (1, 108, 96, TO_DATE('2023/04/06', 'YYYY-MM-DD'), TO_DATE('2023/09/10', 'YYYY-MM-DD'), 0.0, 'm3', 42);
INSERT INTO CULTIVOS(QUINTAID, PARCELAID, CULTURAID, dataInicio, dataFim, quantidade, UNIDADEMEDIDA, SETORREGAID) VALUES (1, 105, 61, TO_DATE('2019/01/10', 'YYYY-MM-DD'), null, 40.0, 'un', null);
INSERT INTO CULTIVOS(QUINTAID, PARCELAID, CULTURAID, dataInicio, dataFim, quantidade, UNIDADEMEDIDA, SETORREGAID) VALUES (1, 102, 86, TO_DATE('2023/11/02', 'YYYY-MM-DD'), null, 400.0, 'kg', null);
INSERT INTO CULTIVOS(QUINTAID, PARCELAID, CULTURAID, dataInicio, dataFim, quantidade, UNIDADEMEDIDA, SETORREGAID) VALUES (1, 108, 80, TO_DATE('2023/10/12', 'YYYY-MM-DD'), null, 32.0, 'kg', null);

INSERT INTO OPERACOES(idOperacao, QUINTAID, PARCELAID, CULTURAID, OPERADORID, dataInicio, dataFim) VALUES (1, 1, 102, 92, 0, TO_DATE('2016-10-06', 'YYYY-MM-DD'), null);
INSERT INTO OPERACOES(idOperacao, QUINTAID, PARCELAID, CULTURAID, OPERADORID, dataInicio, dataFim) VALUES (2, 1, 102, 89, 0, TO_DATE('2016-10-10', 'YYYY-MM-DD'), null);
INSERT INTO OPERACOES(idOperacao, QUINTAID, PARCELAID, CULTURAID, OPERADORID, dataInicio, dataFim) VALUES (3, 1, 104, 41, 0, TO_DATE('2017-01-07', 'YYYY-MM-DD'), null);
INSERT INTO OPERACOES(idOperacao, QUINTAID, PARCELAID, CULTURAID, OPERADORID, dataInicio, dataFim) VALUES (4, 1, 104, 37, 0, TO_DATE('2017-01-08', 'YYYY-MM-DD'), null);
INSERT INTO OPERACOES(idOperacao, QUINTAID, PARCELAID, CULTURAID, OPERADORID, dataInicio, dataFim) VALUES (5, 1, 104, 48, 0, TO_DATE('2017-01-08', 'YYYY-MM-DD'), null);
INSERT INTO OPERACOES(idOperacao, QUINTAID, PARCELAID, CULTURAID, OPERADORID, dataInicio, dataFim) VALUES (6, 1, 102, 89, 0, TO_DATE('2017-07-03', 'YYYY-MM-DD'), null);
INSERT INTO OPERACOES(idOperacao, QUINTAID, PARCELAID, CULTURAID, OPERADORID, dataInicio, dataFim) VALUES (7, 1, 102, 92, 0, TO_DATE('2017-07-03', 'YYYY-MM-DD'), null);
INSERT INTO OPERACOES(idOperacao, QUINTAID, PARCELAID, CULTURAID, OPERADORID, dataInicio, dataFim) VALUES (8, 1, 104, 0, 0, TO_DATE('2017-07-10', 'YYYY-MM-DD'), null);
INSERT INTO OPERACOES(idOperacao, QUINTAID, PARCELAID, CULTURAID, OPERADORID, dataInicio, dataFim) VALUES (9, 1, 102, 89, 0, TO_DATE('2017-08-10', 'YYYY-MM-DD'), null);
INSERT INTO OPERACOES(idOperacao, QUINTAID, PARCELAID, CULTURAID, OPERADORID, dataInicio, dataFim) VALUES (10, 1, 102, 92, 0, TO_DATE('2017-08-10', 'YYYY-MM-DD'), null);
INSERT INTO OPERACOES(idOperacao, QUINTAID, PARCELAID, CULTURAID, OPERADORID, dataInicio, dataFim) VALUES (11, 1, 104, 0, 0, TO_DATE('2017-08-10', 'YYYY-MM-DD'), null);
INSERT INTO OPERACOES(idOperacao, QUINTAID, PARCELAID, CULTURAID, OPERADORID, dataInicio, dataFim) VALUES (12, 1, 104, 0, 0, TO_DATE('2017-09-10', 'YYYY-MM-DD'), null);
INSERT INTO OPERACOES(idOperacao, QUINTAID, PARCELAID, CULTURAID, OPERADORID, dataInicio, dataFim) VALUES (13, 1, 102, 92, 0, TO_DATE('2017-11-04', 'YYYY-MM-DD'), null);
INSERT INTO OPERACOES(idOperacao, QUINTAID, PARCELAID, CULTURAID, OPERADORID, dataInicio, dataFim) VALUES (14, 1, 102, 89, 0, TO_DATE('2017-11-04', 'YYYY-MM-DD'), null);
INSERT INTO OPERACOES(idOperacao, QUINTAID, PARCELAID, CULTURAID, OPERADORID, dataInicio, dataFim) VALUES (15, 1, 102, 92, 0, TO_DATE('2017-12-10', 'YYYY-MM-DD'), null);
INSERT INTO OPERACOES(idOperacao, QUINTAID, PARCELAID, CULTURAID, OPERADORID, dataInicio, dataFim) VALUES (16, 1, 102, 89, 0, TO_DATE('2017-12-10', 'YYYY-MM-DD'), null);
INSERT INTO OPERACOES(idOperacao, QUINTAID, PARCELAID, CULTURAID, OPERADORID, dataInicio, dataFim) VALUES (17, 1, 104, 41, 0, TO_DATE('2018-01-07', 'YYYY-MM-DD'), null);
INSERT INTO OPERACOES(idOperacao, QUINTAID, PARCELAID, CULTURAID, OPERADORID, dataInicio, dataFim) VALUES (18, 1, 104, 37, 0, TO_DATE('2018-01-08', 'YYYY-MM-DD'), null);
INSERT INTO OPERACOES(idOperacao, QUINTAID, PARCELAID, CULTURAID, OPERADORID, dataInicio, dataFim) VALUES (19, 1, 104, 48, 0, TO_DATE('2018-01-08', 'YYYY-MM-DD'), null);
INSERT INTO OPERACOES(idOperacao, QUINTAID, PARCELAID, CULTURAID, OPERADORID, dataInicio, dataFim) VALUES (20, 1, 107, 94, 0, TO_DATE('2018-01-10', 'YYYY-MM-DD'), null);
INSERT INTO OPERACOES(idOperacao, QUINTAID, PARCELAID, CULTURAID, OPERADORID, dataInicio, dataFim) VALUES (21, 1, 107, 95, 0, TO_DATE('2018-01-11', 'YYYY-MM-DD'), null);
INSERT INTO OPERACOES(idOperacao, QUINTAID, PARCELAID, CULTURAID, OPERADORID, dataInicio, dataFim) VALUES (22, 1, 104, 41, 0, TO_DATE('2018-02-06', 'YYYY-MM-DD'), null);
INSERT INTO OPERACOES(idOperacao, QUINTAID, PARCELAID, CULTURAID, OPERADORID, dataInicio, dataFim) VALUES (23, 1, 104, 37, 0, TO_DATE('2018-02-06', 'YYYY-MM-DD'), null);
INSERT INTO OPERACOES(idOperacao, QUINTAID, PARCELAID, CULTURAID, OPERADORID, dataInicio, dataFim) VALUES (24, 1, 104, 48, 0, TO_DATE('2018-02-06', 'YYYY-MM-DD'), null);
INSERT INTO OPERACOES(idOperacao, QUINTAID, PARCELAID, CULTURAID, OPERADORID, dataInicio, dataFim) VALUES (25, 1, 102, 89, 0, TO_DATE('2018-07-03', 'YYYY-MM-DD'), null);
INSERT INTO OPERACOES(idOperacao, QUINTAID, PARCELAID, CULTURAID, OPERADORID, dataInicio, dataFim) VALUES (26, 1, 102, 92, 0, TO_DATE('2018-07-03', 'YYYY-MM-DD'), null);
INSERT INTO OPERACOES(idOperacao, QUINTAID, PARCELAID, CULTURAID, OPERADORID, dataInicio, dataFim) VALUES (27, 1, 104, 0, 0, TO_DATE('2018-07-10', 'YYYY-MM-DD'), null);
INSERT INTO OPERACOES(idOperacao, QUINTAID, PARCELAID, CULTURAID, OPERADORID, dataInicio, dataFim) VALUES (28, 1, 107, 0, 0, TO_DATE('2018-07-10', 'YYYY-MM-DD'), null);
INSERT INTO OPERACOES(idOperacao, QUINTAID, PARCELAID, CULTURAID, OPERADORID, dataInicio, dataFim) VALUES (29, 1, 102, 89, 0, TO_DATE('2018-08-10', 'YYYY-MM-DD'), null);
INSERT INTO OPERACOES(idOperacao, QUINTAID, PARCELAID, CULTURAID, OPERADORID, dataInicio, dataFim) VALUES (30, 1, 102, 92, 0, TO_DATE('2018-08-10', 'YYYY-MM-DD'), null);
INSERT INTO OPERACOES(idOperacao, QUINTAID, PARCELAID, CULTURAID, OPERADORID, dataInicio, dataFim) VALUES (31, 1, 104, 0, 0, TO_DATE('2018-08-10', 'YYYY-MM-DD'), null);
INSERT INTO OPERACOES(idOperacao, QUINTAID, PARCELAID, CULTURAID, OPERADORID, dataInicio, dataFim) VALUES (32, 1, 107, 0, 0, TO_DATE('2018-08-11', 'YYYY-MM-DD'), null);
INSERT INTO OPERACOES(idOperacao, QUINTAID, PARCELAID, CULTURAID, OPERADORID, dataInicio, dataFim) VALUES (33, 1, 104, 0, 0, TO_DATE('2018-09-02', 'YYYY-MM-DD'), null);
INSERT INTO OPERACOES(idOperacao, QUINTAID, PARCELAID, CULTURAID, OPERADORID, dataInicio, dataFim) VALUES (34, 1, 104, 0, 0, TO_DATE('2018-09-10', 'YYYY-MM-DD'), null);
INSERT INTO OPERACOES(idOperacao, QUINTAID, PARCELAID, CULTURAID, OPERADORID, dataInicio, dataFim) VALUES (35, 1, 102, 92, 0, TO_DATE('2018-11-17', 'YYYY-MM-DD'), null);
INSERT INTO OPERACOES(idOperacao, QUINTAID, PARCELAID, CULTURAID, OPERADORID, dataInicio, dataFim) VALUES (36, 1, 102, 89, 0, TO_DATE('2018-11-17', 'YYYY-MM-DD'), null);
INSERT INTO OPERACOES(idOperacao, QUINTAID, PARCELAID, CULTURAID, OPERADORID, dataInicio, dataFim) VALUES (37, 1, 104, 48, 0, TO_DATE('2018-12-10', 'YYYY-MM-DD'), null);
INSERT INTO OPERACOES(idOperacao, QUINTAID, PARCELAID, CULTURAID, OPERADORID, dataInicio, dataFim) VALUES (38, 1, 107, 94, 0, TO_DATE('2018-12-16', 'YYYY-MM-DD'), null);
INSERT INTO OPERACOES(idOperacao, QUINTAID, PARCELAID, CULTURAID, OPERADORID, dataInicio, dataFim) VALUES (39, 1, 107, 95, 0, TO_DATE('2018-12-18', 'YYYY-MM-DD'), null);
INSERT INTO OPERACOES(idOperacao, QUINTAID, PARCELAID, CULTURAID, OPERADORID, dataInicio, dataFim) VALUES (40, 1, 104, 41, 0, TO_DATE('2019-01-07', 'YYYY-MM-DD'), null);
INSERT INTO OPERACOES(idOperacao, QUINTAID, PARCELAID, CULTURAID, OPERADORID, dataInicio, dataFim) VALUES (41, 1, 104, 37, 0, TO_DATE('2019-01-08', 'YYYY-MM-DD'), null);
INSERT INTO OPERACOES(idOperacao, QUINTAID, PARCELAID, CULTURAID, OPERADORID, dataInicio, dataFim) VALUES (42, 1, 104, 48, 0, TO_DATE('2019-01-08', 'YYYY-MM-DD'), null);
INSERT INTO OPERACOES(idOperacao, QUINTAID, PARCELAID, CULTURAID, OPERADORID, dataInicio, dataFim) VALUES (43, 1, 107, 94, 0, TO_DATE('2019-01-20', 'YYYY-MM-DD'), null);
INSERT INTO OPERACOES(idOperacao, QUINTAID, PARCELAID, CULTURAID, OPERADORID, dataInicio, dataFim) VALUES (44, 1, 107, 95, 0, TO_DATE('2019-01-20', 'YYYY-MM-DD'), null);
INSERT INTO OPERACOES(idOperacao, QUINTAID, PARCELAID, CULTURAID, OPERADORID, dataInicio, dataFim) VALUES (45, 1, 104, 41, 0, TO_DATE('2019-02-06', 'YYYY-MM-DD'), null);
INSERT INTO OPERACOES(idOperacao, QUINTAID, PARCELAID, CULTURAID, OPERADORID, dataInicio, dataFim) VALUES (46, 1, 104, 37, 0, TO_DATE('2019-02-06', 'YYYY-MM-DD'), null);
INSERT INTO OPERACOES(idOperacao, QUINTAID, PARCELAID, CULTURAID, OPERADORID, dataInicio, dataFim) VALUES (47, 1, 104, 48, 0, TO_DATE('2019-02-06', 'YYYY-MM-DD'), null);
INSERT INTO OPERACOES(idOperacao, QUINTAID, PARCELAID, CULTURAID, OPERADORID, dataInicio, dataFim) VALUES (48, 1, 102, 89, 0, TO_DATE('2019-07-03', 'YYYY-MM-DD'), null);
INSERT INTO OPERACOES(idOperacao, QUINTAID, PARCELAID, CULTURAID, OPERADORID, dataInicio, dataFim) VALUES (49, 1, 102, 92, 0, TO_DATE('2019-07-03', 'YYYY-MM-DD'), null);
INSERT INTO OPERACOES(idOperacao, QUINTAID, PARCELAID, CULTURAID, OPERADORID, dataInicio, dataFim) VALUES (50, 1, 104, 0, 0, TO_DATE('2019-07-03', 'YYYY-MM-DD'), null);
INSERT INTO OPERACOES(idOperacao, QUINTAID, PARCELAID, CULTURAID, OPERADORID, dataInicio, dataFim) VALUES (51, 1, 107, 0, 0, TO_DATE('2019-07-10', 'YYYY-MM-DD'), null);
INSERT INTO OPERACOES(idOperacao, QUINTAID, PARCELAID, CULTURAID, OPERADORID, dataInicio, dataFim) VALUES (52, 1, 102, 89, 0, TO_DATE('2019-08-10', 'YYYY-MM-DD'), null);
INSERT INTO OPERACOES(idOperacao, QUINTAID, PARCELAID, CULTURAID, OPERADORID, dataInicio, dataFim) VALUES (53, 1, 102, 92, 0, TO_DATE('2019-08-10', 'YYYY-MM-DD'), null);
INSERT INTO OPERACOES(idOperacao, QUINTAID, PARCELAID, CULTURAID, OPERADORID, dataInicio, dataFim) VALUES (54, 1, 104, 0, 0, TO_DATE('2019-08-10', 'YYYY-MM-DD'), null);
INSERT INTO OPERACOES(idOperacao, QUINTAID, PARCELAID, CULTURAID, OPERADORID, dataInicio, dataFim) VALUES (55, 1, 107, 0, 0, TO_DATE('2019-08-11', 'YYYY-MM-DD'), null);
INSERT INTO OPERACOES(idOperacao, QUINTAID, PARCELAID, CULTURAID, OPERADORID, dataInicio, dataFim) VALUES (56, 1, 102, 92, 0, TO_DATE('2019-11-15', 'YYYY-MM-DD'), null);
INSERT INTO OPERACOES(idOperacao, QUINTAID, PARCELAID, CULTURAID, OPERADORID, dataInicio, dataFim) VALUES (57, 1, 102, 89, 0, TO_DATE('2019-11-15', 'YYYY-MM-DD'), null);
INSERT INTO OPERACOES(idOperacao, QUINTAID, PARCELAID, CULTURAID, OPERADORID, dataInicio, dataFim) VALUES (58, 1, 107, 94, 0, TO_DATE('2019-12-16', 'YYYY-MM-DD'), null);
INSERT INTO OPERACOES(idOperacao, QUINTAID, PARCELAID, CULTURAID, OPERADORID, dataInicio, dataFim) VALUES (59, 1, 107, 95, 0, TO_DATE('2019-12-18', 'YYYY-MM-DD'), null);
INSERT INTO OPERACOES(idOperacao, QUINTAID, PARCELAID, CULTURAID, OPERADORID, dataInicio, dataFim) VALUES (60, 1, 107, 94, 0, TO_DATE('2020-01-20', 'YYYY-MM-DD'), null);
INSERT INTO OPERACOES(idOperacao, QUINTAID, PARCELAID, CULTURAID, OPERADORID, dataInicio, dataFim) VALUES (61, 1, 107, 95, 0, TO_DATE('2020-01-20', 'YYYY-MM-DD'), null);
INSERT INTO OPERACOES(idOperacao, QUINTAID, PARCELAID, CULTURAID, OPERADORID, dataInicio, dataFim) VALUES (62, 1, 106, 79, 0, TO_DATE('2020-03-12', 'YYYY-MM-DD'), null);
INSERT INTO OPERACOES(idOperacao, QUINTAID, PARCELAID, CULTURAID, OPERADORID, dataInicio, dataFim) VALUES (63, 1, 103, 0, 0, TO_DATE('2020-03-30', 'YYYY-MM-DD'), null);
INSERT INTO OPERACOES(idOperacao, QUINTAID, PARCELAID, CULTURAID, OPERADORID, dataInicio, dataFim) VALUES (64, 1, 103, 82, 0, TO_DATE('2020-04-05', 'YYYY-MM-DD'), null);
INSERT INTO OPERACOES(idOperacao, QUINTAID, PARCELAID, CULTURAID, OPERADORID, dataInicio, dataFim) VALUES (65, 1, 106, 79, 0, TO_DATE('2020-05-05', 'YYYY-MM-DD'), null);
INSERT INTO OPERACOES(idOperacao, QUINTAID, PARCELAID, CULTURAID, OPERADORID, dataInicio, dataFim) VALUES (66, 1, 106, 79, 0, TO_DATE('2020-05-15', 'YYYY-MM-DD'), null);
INSERT INTO OPERACOES(idOperacao, QUINTAID, PARCELAID, CULTURAID, OPERADORID, dataInicio, dataFim) VALUES (67, 1, 106, 78, 0, TO_DATE('2020-06-02', 'YYYY-MM-DD'), null);
INSERT INTO OPERACOES(idOperacao, QUINTAID, PARCELAID, CULTURAID, OPERADORID, dataInicio, dataFim) VALUES (68, 1, 102, 89, 0, TO_DATE('2020-07-03', 'YYYY-MM-DD'), null);
INSERT INTO OPERACOES(idOperacao, QUINTAID, PARCELAID, CULTURAID, OPERADORID, dataInicio, dataFim) VALUES (69, 1, 102, 92, 0, TO_DATE('2020-07-03', 'YYYY-MM-DD'), null);
INSERT INTO OPERACOES(idOperacao, QUINTAID, PARCELAID, CULTURAID, OPERADORID, dataInicio, dataFim) VALUES (70, 1, 107, 0, 0, TO_DATE('2020-07-10', 'YYYY-MM-DD'), null);
INSERT INTO OPERACOES(idOperacao, QUINTAID, PARCELAID, CULTURAID, OPERADORID, dataInicio, dataFim) VALUES (71, 1, 103, 82, 0, TO_DATE('2020-07-12', 'YYYY-MM-DD'), null);
INSERT INTO OPERACOES(idOperacao, QUINTAID, PARCELAID, CULTURAID, OPERADORID, dataInicio, dataFim) VALUES (72, 1, 106, 78, 0, TO_DATE('2020-07-15', 'YYYY-MM-DD'), null);
INSERT INTO OPERACOES(idOperacao, QUINTAID, PARCELAID, CULTURAID, OPERADORID, dataInicio, dataFim) VALUES (73, 1, 103, 82, 0, TO_DATE('2020-07-28', 'YYYY-MM-DD'), null);
INSERT INTO OPERACOES(idOperacao, QUINTAID, PARCELAID, CULTURAID, OPERADORID, dataInicio, dataFim) VALUES (74, 1, 102, 89, 0, TO_DATE('2020-08-10', 'YYYY-MM-DD'), null);
INSERT INTO OPERACOES(idOperacao, QUINTAID, PARCELAID, CULTURAID, OPERADORID, dataInicio, dataFim) VALUES (75, 1, 102, 92, 0, TO_DATE('2020-08-10', 'YYYY-MM-DD'), null);
INSERT INTO OPERACOES(idOperacao, QUINTAID, PARCELAID, CULTURAID, OPERADORID, dataInicio, dataFim) VALUES (76, 1, 103, 82, 0, TO_DATE('2020-08-10', 'YYYY-MM-DD'), null);
INSERT INTO OPERACOES(idOperacao, QUINTAID, PARCELAID, CULTURAID, OPERADORID, dataInicio, dataFim) VALUES (77, 1, 107, 0, 0, TO_DATE('2020-08-11', 'YYYY-MM-DD'), null);
INSERT INTO OPERACOES(idOperacao, QUINTAID, PARCELAID, CULTURAID, OPERADORID, dataInicio, dataFim) VALUES (78, 1, 106, 78, 0, TO_DATE('2020-08-12', 'YYYY-MM-DD'), null);
INSERT INTO OPERACOES(idOperacao, QUINTAID, PARCELAID, CULTURAID, OPERADORID, dataInicio, dataFim) VALUES (79, 1, 103, 82, 0, TO_DATE('2020-08-20', 'YYYY-MM-DD'), null);
INSERT INTO OPERACOES(idOperacao, QUINTAID, PARCELAID, CULTURAID, OPERADORID, dataInicio, dataFim) VALUES (80, 1, 106, 78, 0, TO_DATE('2020-08-28', 'YYYY-MM-DD'), null);
INSERT INTO OPERACOES(idOperacao, QUINTAID, PARCELAID, CULTURAID, OPERADORID, dataInicio, dataFim) VALUES (81, 1, 106, 78, 0, TO_DATE('2020-09-07', 'YYYY-MM-DD'), null);
INSERT INTO OPERACOES(idOperacao, QUINTAID, PARCELAID, CULTURAID, OPERADORID, dataInicio, dataFim) VALUES (82, 1, 106, 93, 0, TO_DATE('2020-09-20', 'YYYY-MM-DD'), null);
INSERT INTO OPERACOES(idOperacao, QUINTAID, PARCELAID, CULTURAID, OPERADORID, dataInicio, dataFim) VALUES (83, 1, 101, 80, 0, TO_DATE('2020-10-10', 'YYYY-MM-DD'), null);
INSERT INTO OPERACOES(idOperacao, QUINTAID, PARCELAID, CULTURAID, OPERADORID, dataInicio, dataFim) VALUES (84, 1, 103, 80, 0, TO_DATE('2020-10-12', 'YYYY-MM-DD'), null);
INSERT INTO OPERACOES(idOperacao, QUINTAID, PARCELAID, CULTURAID, OPERADORID, dataInicio, dataFim) VALUES (85, 1, 102, 92, 0, TO_DATE('2020-11-10', 'YYYY-MM-DD'), null);
INSERT INTO OPERACOES(idOperacao, QUINTAID, PARCELAID, CULTURAID, OPERADORID, dataInicio, dataFim) VALUES (86, 1, 102, 89, 0, TO_DATE('2020-11-10', 'YYYY-MM-DD'), null);
INSERT INTO OPERACOES(idOperacao, QUINTAID, PARCELAID, CULTURAID, OPERADORID, dataInicio, dataFim) VALUES (87, 1, 106, 93, 0, TO_DATE('2020-11-15', 'YYYY-MM-DD'), null);
INSERT INTO OPERACOES(idOperacao, QUINTAID, PARCELAID, CULTURAID, OPERADORID, dataInicio, dataFim) VALUES (88, 1, 104, 48, 0, TO_DATE('2020-12-05', 'YYYY-MM-DD'), null);
INSERT INTO OPERACOES(idOperacao, QUINTAID, PARCELAID, CULTURAID, OPERADORID, dataInicio, dataFim) VALUES (89, 1, 104, 41, 0, TO_DATE('2020-12-05', 'YYYY-MM-DD'), null);
INSERT INTO OPERACOES(idOperacao, QUINTAID, PARCELAID, CULTURAID, OPERADORID, dataInicio, dataFim) VALUES (90, 1, 102, 92, 0, TO_DATE('2020-12-10', 'YYYY-MM-DD'), null);
INSERT INTO OPERACOES(idOperacao, QUINTAID, PARCELAID, CULTURAID, OPERADORID, dataInicio, dataFim) VALUES (91, 1, 102, 89, 0, TO_DATE('2020-12-10', 'YYYY-MM-DD'), null);
INSERT INTO OPERACOES(idOperacao, QUINTAID, PARCELAID, CULTURAID, OPERADORID, dataInicio, dataFim) VALUES (92, 1, 104, 41, 0, TO_DATE('2020-12-15', 'YYYY-MM-DD'), null);
INSERT INTO OPERACOES(idOperacao, QUINTAID, PARCELAID, CULTURAID, OPERADORID, dataInicio, dataFim) VALUES (93, 1, 104, 37, 0, TO_DATE('2020-12-15', 'YYYY-MM-DD'), null);
INSERT INTO OPERACOES(idOperacao, QUINTAID, PARCELAID, CULTURAID, OPERADORID, dataInicio, dataFim) VALUES (94, 1, 107, 94, 0, TO_DATE('2020-12-16', 'YYYY-MM-DD'), null);
INSERT INTO OPERACOES(idOperacao, QUINTAID, PARCELAID, CULTURAID, OPERADORID, dataInicio, dataFim) VALUES (95, 1, 106, 93, 0, TO_DATE('2020-12-18', 'YYYY-MM-DD'), null);
INSERT INTO OPERACOES(idOperacao, QUINTAID, PARCELAID, CULTURAID, OPERADORID, dataInicio, dataFim) VALUES (96, 1, 107, 95, 0, TO_DATE('2020-12-18', 'YYYY-MM-DD'), null);
INSERT INTO OPERACOES(idOperacao, QUINTAID, PARCELAID, CULTURAID, OPERADORID, dataInicio, dataFim) VALUES (97, 1, 106, 93, 0, TO_DATE('2021-01-04', 'YYYY-MM-DD'), null);
INSERT INTO OPERACOES(idOperacao, QUINTAID, PARCELAID, CULTURAID, OPERADORID, dataInicio, dataFim) VALUES (98, 1, 107, 94, 0, TO_DATE('2021-01-20', 'YYYY-MM-DD'), null);
INSERT INTO OPERACOES(idOperacao, QUINTAID, PARCELAID, CULTURAID, OPERADORID, dataInicio, dataFim) VALUES (99, 1, 107, 95, 0, TO_DATE('2021-01-20', 'YYYY-MM-DD'), null);
INSERT INTO OPERACOES(idOperacao, QUINTAID, PARCELAID, CULTURAID, OPERADORID, dataInicio, dataFim) VALUES (100, 1, 106, 77, 0, TO_DATE('2021-03-10', 'YYYY-MM-DD'), null);
INSERT INTO OPERACOES(idOperacao, QUINTAID, PARCELAID, CULTURAID, OPERADORID, dataInicio, dataFim) VALUES (101, 1, 103, 80, 0, TO_DATE('2021-03-14', 'YYYY-MM-DD'), null);
INSERT INTO OPERACOES(idOperacao, QUINTAID, PARCELAID, CULTURAID, OPERADORID, dataInicio, dataFim) VALUES (102, 1, 101, 80, 0, TO_DATE('2021-03-30', 'YYYY-MM-DD'), null);
INSERT INTO OPERACOES(idOperacao, QUINTAID, PARCELAID, CULTURAID, OPERADORID, dataInicio, dataFim) VALUES (103, 1, 103, 82, 0, TO_DATE('2021-04-03', 'YYYY-MM-DD'), null);
INSERT INTO OPERACOES(idOperacao, QUINTAID, PARCELAID, CULTURAID, OPERADORID, dataInicio, dataFim) VALUES (104, 1, 101, 83, 0, TO_DATE('2021-04-15', 'YYYY-MM-DD'), null);
INSERT INTO OPERACOES(idOperacao, QUINTAID, PARCELAID, CULTURAID, OPERADORID, dataInicio, dataFim) VALUES (105, 1, 104, 0, 0, TO_DATE('2021-05-02', 'YYYY-MM-DD'), null);
INSERT INTO OPERACOES(idOperacao, QUINTAID, PARCELAID, CULTURAID, OPERADORID, dataInicio, dataFim) VALUES (106, 1, 106, 77, 0, TO_DATE('2021-05-05', 'YYYY-MM-DD'), null);
INSERT INTO OPERACOES(idOperacao, QUINTAID, PARCELAID, CULTURAID, OPERADORID, dataInicio, dataFim) VALUES (107, 1, 106, 77, 0, TO_DATE('2021-05-15', 'YYYY-MM-DD'), null);
INSERT INTO OPERACOES(idOperacao, QUINTAID, PARCELAID, CULTURAID, OPERADORID, dataInicio, dataFim) VALUES (108, 1, 106, 75, 0, TO_DATE('2021-06-02', 'YYYY-MM-DD'), null);
INSERT INTO OPERACOES(idOperacao, QUINTAID, PARCELAID, CULTURAID, OPERADORID, dataInicio, dataFim) VALUES (109, 1, 106, 75, 0, TO_DATE('2021-06-20', 'YYYY-MM-DD'), null);
INSERT INTO OPERACOES(idOperacao, QUINTAID, PARCELAID, CULTURAID, OPERADORID, dataInicio, dataFim) VALUES (110, 1, 102, 89, 0, TO_DATE('2021-07-03', 'YYYY-MM-DD'), null);
INSERT INTO OPERACOES(idOperacao, QUINTAID, PARCELAID, CULTURAID, OPERADORID, dataInicio, dataFim) VALUES (111, 1, 102, 92, 0, TO_DATE('2021-07-03', 'YYYY-MM-DD'), null);
INSERT INTO OPERACOES(idOperacao, QUINTAID, PARCELAID, CULTURAID, OPERADORID, dataInicio, dataFim) VALUES (112, 1, 104, 0, 0, TO_DATE('2021-07-05', 'YYYY-MM-DD'), null);
INSERT INTO OPERACOES(idOperacao, QUINTAID, PARCELAID, CULTURAID, OPERADORID, dataInicio, dataFim) VALUES (113, 1, 106, 75, 0, TO_DATE('2021-07-07', 'YYYY-MM-DD'), null);
INSERT INTO OPERACOES(idOperacao, QUINTAID, PARCELAID, CULTURAID, OPERADORID, dataInicio, dataFim) VALUES (114, 1, 107, 0, 0, TO_DATE('2021-07-10', 'YYYY-MM-DD'), null);
INSERT INTO OPERACOES(idOperacao, QUINTAID, PARCELAID, CULTURAID, OPERADORID, dataInicio, dataFim) VALUES (115, 1, 103, 82, 0, TO_DATE('2021-07-12', 'YYYY-MM-DD'), null);
INSERT INTO OPERACOES(idOperacao, QUINTAID, PARCELAID, CULTURAID, OPERADORID, dataInicio, dataFim) VALUES (116, 1, 107, 94, 0, TO_DATE('2021-07-15', 'YYYY-MM-DD'), null);
INSERT INTO OPERACOES(idOperacao, QUINTAID, PARCELAID, CULTURAID, OPERADORID, dataInicio, dataFim) VALUES (117, 1, 107, 94, 0, TO_DATE('2021-07-20', 'YYYY-MM-DD'), null);
INSERT INTO OPERACOES(idOperacao, QUINTAID, PARCELAID, CULTURAID, OPERADORID, dataInicio, dataFim) VALUES (118, 1, 103, 82, 0, TO_DATE('2021-07-24', 'YYYY-MM-DD'), null);
INSERT INTO OPERACOES(idOperacao, QUINTAID, PARCELAID, CULTURAID, OPERADORID, dataInicio, dataFim) VALUES (119, 1, 104, 0, 0, TO_DATE('2021-07-30', 'YYYY-MM-DD'), null);
INSERT INTO OPERACOES(idOperacao, QUINTAID, PARCELAID, CULTURAID, OPERADORID, dataInicio, dataFim) VALUES (120, 1, 106, 75, 0, TO_DATE('2021-07-30', 'YYYY-MM-DD'), null);
INSERT INTO OPERACOES(idOperacao, QUINTAID, PARCELAID, CULTURAID, OPERADORID, dataInicio, dataFim) VALUES (121, 1, 103, 82, 0, TO_DATE('2021-08-07', 'YYYY-MM-DD'), null);
INSERT INTO OPERACOES(idOperacao, QUINTAID, PARCELAID, CULTURAID, OPERADORID, dataInicio, dataFim) VALUES (122, 1, 102, 89, 0, TO_DATE('2021-08-10', 'YYYY-MM-DD'), null);
INSERT INTO OPERACOES(idOperacao, QUINTAID, PARCELAID, CULTURAID, OPERADORID, dataInicio, dataFim) VALUES (123, 1, 102, 92, 0, TO_DATE('2021-08-10', 'YYYY-MM-DD'), null);
INSERT INTO OPERACOES(idOperacao, QUINTAID, PARCELAID, CULTURAID, OPERADORID, dataInicio, dataFim) VALUES (124, 1, 101, 83, 0, TO_DATE('2021-08-12', 'YYYY-MM-DD'), null);
INSERT INTO OPERACOES(idOperacao, QUINTAID, PARCELAID, CULTURAID, OPERADORID, dataInicio, dataFim) VALUES (125, 1, 106, 75, 0, TO_DATE('2021-08-17', 'YYYY-MM-DD'), null);
INSERT INTO OPERACOES(idOperacao, QUINTAID, PARCELAID, CULTURAID, OPERADORID, dataInicio, dataFim) VALUES (126, 1, 104, 48, 0, TO_DATE('2021-08-24', 'YYYY-MM-DD'), null);
INSERT INTO OPERACOES(idOperacao, QUINTAID, PARCELAID, CULTURAID, OPERADORID, dataInicio, dataFim) VALUES (127, 1, 103, 82, 0, TO_DATE('2021-08-25', 'YYYY-MM-DD'), null);
INSERT INTO OPERACOES(idOperacao, QUINTAID, PARCELAID, CULTURAID, OPERADORID, dataInicio, dataFim) VALUES (128, 1, 106, 75, 0, TO_DATE('2021-08-28', 'YYYY-MM-DD'), null);
INSERT INTO OPERACOES(idOperacao, QUINTAID, PARCELAID, CULTURAID, OPERADORID, dataInicio, dataFim) VALUES (129, 1, 104, 48, 0, TO_DATE('2021-09-05', 'YYYY-MM-DD'), null);
INSERT INTO OPERACOES(idOperacao, QUINTAID, PARCELAID, CULTURAID, OPERADORID, dataInicio, dataFim) VALUES (130, 1, 106, 75, 0, TO_DATE('2021-09-07', 'YYYY-MM-DD'), null);
INSERT INTO OPERACOES(idOperacao, QUINTAID, PARCELAID, CULTURAID, OPERADORID, dataInicio, dataFim) VALUES (131, 1, 104, 41, 0, TO_DATE('2021-09-12', 'YYYY-MM-DD'), null);
INSERT INTO OPERACOES(idOperacao, QUINTAID, PARCELAID, CULTURAID, OPERADORID, dataInicio, dataFim) VALUES (132, 1, 106, 93, 0, TO_DATE('2021-09-20', 'YYYY-MM-DD'), null);
INSERT INTO OPERACOES(idOperacao, QUINTAID, PARCELAID, CULTURAID, OPERADORID, dataInicio, dataFim) VALUES (133, 1, 104, 41, 0, TO_DATE('2021-09-23', 'YYYY-MM-DD'), null);
INSERT INTO OPERACOES(idOperacao, QUINTAID, PARCELAID, CULTURAID, OPERADORID, dataInicio, dataFim) VALUES (134, 1, 101, 80, 0, TO_DATE('2021-10-03', 'YYYY-MM-DD'), null);
INSERT INTO OPERACOES(idOperacao, QUINTAID, PARCELAID, CULTURAID, OPERADORID, dataInicio, dataFim) VALUES (135, 1, 103, 80, 0, TO_DATE('2021-10-06', 'YYYY-MM-DD'), null);
INSERT INTO OPERACOES(idOperacao, QUINTAID, PARCELAID, CULTURAID, OPERADORID, dataInicio, dataFim) VALUES (136, 1, 104, 37, 0, TO_DATE('2021-10-12', 'YYYY-MM-DD'), null);
INSERT INTO OPERACOES(idOperacao, QUINTAID, PARCELAID, CULTURAID, OPERADORID, dataInicio, dataFim) VALUES (137, 1, 104, 37, 0, TO_DATE('2021-11-03', 'YYYY-MM-DD'), null);
INSERT INTO OPERACOES(idOperacao, QUINTAID, PARCELAID, CULTURAID, OPERADORID, dataInicio, dataFim) VALUES (138, 1, 102, 92, 0, TO_DATE('2021-11-10', 'YYYY-MM-DD'), null);
INSERT INTO OPERACOES(idOperacao, QUINTAID, PARCELAID, CULTURAID, OPERADORID, dataInicio, dataFim) VALUES (139, 1, 102, 89, 0, TO_DATE('2021-11-10', 'YYYY-MM-DD'), null);
INSERT INTO OPERACOES(idOperacao, QUINTAID, PARCELAID, CULTURAID, OPERADORID, dataInicio, dataFim) VALUES (140, 1, 106, 93, 0, TO_DATE('2021-11-15', 'YYYY-MM-DD'), null);
INSERT INTO OPERACOES(idOperacao, QUINTAID, PARCELAID, CULTURAID, OPERADORID, dataInicio, dataFim) VALUES (141, 1, 102, 92, 0, TO_DATE('2021-11-17', 'YYYY-MM-DD'), null);
INSERT INTO OPERACOES(idOperacao, QUINTAID, PARCELAID, CULTURAID, OPERADORID, dataInicio, dataFim) VALUES (142, 1, 102, 89, 0, TO_DATE('2021-11-17', 'YYYY-MM-DD'), null);
INSERT INTO OPERACOES(idOperacao, QUINTAID, PARCELAID, CULTURAID, OPERADORID, dataInicio, dataFim) VALUES (143, 1, 104, 48, 0, TO_DATE('2021-11-28', 'YYYY-MM-DD'), null);
INSERT INTO OPERACOES(idOperacao, QUINTAID, PARCELAID, CULTURAID, OPERADORID, dataInicio, dataFim) VALUES (144, 1, 104, 41, 0, TO_DATE('2021-12-03', 'YYYY-MM-DD'), null);
INSERT INTO OPERACOES(idOperacao, QUINTAID, PARCELAID, CULTURAID, OPERADORID, dataInicio, dataFim) VALUES (145, 1, 107, 94, 0, TO_DATE('2021-12-16', 'YYYY-MM-DD'), null);
INSERT INTO OPERACOES(idOperacao, QUINTAID, PARCELAID, CULTURAID, OPERADORID, dataInicio, dataFim) VALUES (146, 1, 104, 37, 0, TO_DATE('2021-12-18', 'YYYY-MM-DD'), null);
INSERT INTO OPERACOES(idOperacao, QUINTAID, PARCELAID, CULTURAID, OPERADORID, dataInicio, dataFim) VALUES (147, 1, 106, 93, 0, TO_DATE('2021-12-18', 'YYYY-MM-DD'), null);
INSERT INTO OPERACOES(idOperacao, QUINTAID, PARCELAID, CULTURAID, OPERADORID, dataInicio, dataFim) VALUES (148, 1, 107, 95, 0, TO_DATE('2021-12-18', 'YYYY-MM-DD'), null);
INSERT INTO OPERACOES(idOperacao, QUINTAID, PARCELAID, CULTURAID, OPERADORID, dataInicio, dataFim) VALUES (149, 1, 106, 93, 0, TO_DATE('2022-01-04', 'YYYY-MM-DD'), null);
INSERT INTO OPERACOES(idOperacao, QUINTAID, PARCELAID, CULTURAID, OPERADORID, dataInicio, dataFim) VALUES (150, 1, 107, 94, 0, TO_DATE('2022-01-20', 'YYYY-MM-DD'), null);
INSERT INTO OPERACOES(idOperacao, QUINTAID, PARCELAID, CULTURAID, OPERADORID, dataInicio, dataFim) VALUES (151, 1, 107, 95, 0, TO_DATE('2022-01-20', 'YYYY-MM-DD'), null);
INSERT INTO OPERACOES(idOperacao, QUINTAID, PARCELAID, CULTURAID, OPERADORID, dataInicio, dataFim) VALUES (152, 1, 106, 77, 0, TO_DATE('2022-03-06', 'YYYY-MM-DD'), null);
INSERT INTO OPERACOES(idOperacao, QUINTAID, PARCELAID, CULTURAID, OPERADORID, dataInicio, dataFim) VALUES (153, 1, 103, 80, 0, TO_DATE('2022-03-19', 'YYYY-MM-DD'), null);
INSERT INTO OPERACOES(idOperacao, QUINTAID, PARCELAID, CULTURAID, OPERADORID, dataInicio, dataFim) VALUES (154, 1, 101, 80, 0, TO_DATE('2022-04-05', 'YYYY-MM-DD'), null);
INSERT INTO OPERACOES(idOperacao, QUINTAID, PARCELAID, CULTURAID, OPERADORID, dataInicio, dataFim) VALUES (155, 1, 103, 82, 0, TO_DATE('2022-04-08', 'YYYY-MM-DD'), null);
INSERT INTO OPERACOES(idOperacao, QUINTAID, PARCELAID, CULTURAID, OPERADORID, dataInicio, dataFim) VALUES (156, 1, 101, 83, 0, TO_DATE('2022-04-15', 'YYYY-MM-DD'), null);
INSERT INTO OPERACOES(idOperacao, QUINTAID, PARCELAID, CULTURAID, OPERADORID, dataInicio, dataFim) VALUES (157, 1, 106, 77, 0, TO_DATE('2022-05-05', 'YYYY-MM-DD'), null);
INSERT INTO OPERACOES(idOperacao, QUINTAID, PARCELAID, CULTURAID, OPERADORID, dataInicio, dataFim) VALUES (158, 1, 104, 0, 0, TO_DATE('2022-05-13', 'YYYY-MM-DD'), null);
INSERT INTO OPERACOES(idOperacao, QUINTAID, PARCELAID, CULTURAID, OPERADORID, dataInicio, dataFim) VALUES (159, 1, 106, 77, 0, TO_DATE('2022-05-15', 'YYYY-MM-DD'), null);
INSERT INTO OPERACOES(idOperacao, QUINTAID, PARCELAID, CULTURAID, OPERADORID, dataInicio, dataFim) VALUES (160, 1, 106, 78, 0, TO_DATE('2022-05-30', 'YYYY-MM-DD'), null);
INSERT INTO OPERACOES(idOperacao, QUINTAID, PARCELAID, CULTURAID, OPERADORID, dataInicio, dataFim) VALUES (161, 1, 104, 0, 0, TO_DATE('2022-06-05', 'YYYY-MM-DD'), null);
INSERT INTO OPERACOES(idOperacao, QUINTAID, PARCELAID, CULTURAID, OPERADORID, dataInicio, dataFim) VALUES (162, 1, 106, 78, 0, TO_DATE('2022-06-30', 'YYYY-MM-DD'), null);
INSERT INTO OPERACOES(idOperacao, QUINTAID, PARCELAID, CULTURAID, OPERADORID, dataInicio, dataFim) VALUES (163, 1, 104, 0, 0, TO_DATE('2022-07-02', 'YYYY-MM-DD'), null);
INSERT INTO OPERACOES(idOperacao, QUINTAID, PARCELAID, CULTURAID, OPERADORID, dataInicio, dataFim) VALUES (164, 1, 102, 89, 0, TO_DATE('2022-07-03', 'YYYY-MM-DD'), null);
INSERT INTO OPERACOES(idOperacao, QUINTAID, PARCELAID, CULTURAID, OPERADORID, dataInicio, dataFim) VALUES (165, 1, 102, 92, 0, TO_DATE('2022-07-03', 'YYYY-MM-DD'), null);
INSERT INTO OPERACOES(idOperacao, QUINTAID, PARCELAID, CULTURAID, OPERADORID, dataInicio, dataFim) VALUES (166, 1, 107, 95, 0, TO_DATE('2022-07-10', 'YYYY-MM-DD'), null);
INSERT INTO OPERACOES(idOperacao, QUINTAID, PARCELAID, CULTURAID, OPERADORID, dataInicio, dataFim) VALUES (167, 1, 103, 82, 0, TO_DATE('2022-07-12', 'YYYY-MM-DD'), null);
INSERT INTO OPERACOES(idOperacao, QUINTAID, PARCELAID, CULTURAID, OPERADORID, dataInicio, dataFim) VALUES (168, 1, 106, 78, 0, TO_DATE('2022-07-15', 'YYYY-MM-DD'), null);
INSERT INTO OPERACOES(idOperacao, QUINTAID, PARCELAID, CULTURAID, OPERADORID, dataInicio, dataFim) VALUES (169, 1, 107, 94, 0, TO_DATE('2022-07-15', 'YYYY-MM-DD'), null);
INSERT INTO OPERACOES(idOperacao, QUINTAID, PARCELAID, CULTURAID, OPERADORID, dataInicio, dataFim) VALUES (170, 1, 107, 94, 0, TO_DATE('2022-07-20', 'YYYY-MM-DD'), null);
INSERT INTO OPERACOES(idOperacao, QUINTAID, PARCELAID, CULTURAID, OPERADORID, dataInicio, dataFim) VALUES (171, 1, 103, 82, 0, TO_DATE('2022-07-24', 'YYYY-MM-DD'), null);
INSERT INTO OPERACOES(idOperacao, QUINTAID, PARCELAID, CULTURAID, OPERADORID, dataInicio, dataFim) VALUES (172, 1, 104, 0, 0, TO_DATE('2022-07-30', 'YYYY-MM-DD'), null);
INSERT INTO OPERACOES(idOperacao, QUINTAID, PARCELAID, CULTURAID, OPERADORID, dataInicio, dataFim) VALUES (173, 1, 106, 78, 0, TO_DATE('2022-07-30', 'YYYY-MM-DD'), null);
INSERT INTO OPERACOES(idOperacao, QUINTAID, PARCELAID, CULTURAID, OPERADORID, dataInicio, dataFim) VALUES (174, 1, 103, 82, 0, TO_DATE('2022-08-07', 'YYYY-MM-DD'), null);
INSERT INTO OPERACOES(idOperacao, QUINTAID, PARCELAID, CULTURAID, OPERADORID, dataInicio, dataFim) VALUES (175, 1, 102, 89, 0, TO_DATE('2022-08-10', 'YYYY-MM-DD'), null);
INSERT INTO OPERACOES(idOperacao, QUINTAID, PARCELAID, CULTURAID, OPERADORID, dataInicio, dataFim) VALUES (176, 1, 102, 92, 0, TO_DATE('2022-08-10', 'YYYY-MM-DD'), null);
INSERT INTO OPERACOES(idOperacao, QUINTAID, PARCELAID, CULTURAID, OPERADORID, dataInicio, dataFim) VALUES (177, 1, 107, 95, 0, TO_DATE('2022-08-12', 'YYYY-MM-DD'), null);
INSERT INTO OPERACOES(idOperacao, QUINTAID, PARCELAID, CULTURAID, OPERADORID, dataInicio, dataFim) VALUES (178, 1, 101, 83, 0, TO_DATE('2022-08-17', 'YYYY-MM-DD'), null);
INSERT INTO OPERACOES(idOperacao, QUINTAID, PARCELAID, CULTURAID, OPERADORID, dataInicio, dataFim) VALUES (179, 1, 106, 78, 0, TO_DATE('2022-08-17', 'YYYY-MM-DD'), null);
INSERT INTO OPERACOES(idOperacao, QUINTAID, PARCELAID, CULTURAID, OPERADORID, dataInicio, dataFim) VALUES (180, 1, 103, 82, 0, TO_DATE('2022-08-18', 'YYYY-MM-DD'), null);
INSERT INTO OPERACOES(idOperacao, QUINTAID, PARCELAID, CULTURAID, OPERADORID, dataInicio, dataFim) VALUES (181, 1, 104, 48, 0, TO_DATE('2022-08-20', 'YYYY-MM-DD'), null);
INSERT INTO OPERACOES(idOperacao, QUINTAID, PARCELAID, CULTURAID, OPERADORID, dataInicio, dataFim) VALUES (182, 1, 106, 78, 0, TO_DATE('2022-08-24', 'YYYY-MM-DD'), null);
INSERT INTO OPERACOES(idOperacao, QUINTAID, PARCELAID, CULTURAID, OPERADORID, dataInicio, dataFim) VALUES (183, 1, 106, 78, 0, TO_DATE('2022-09-05', 'YYYY-MM-DD'), null);
INSERT INTO OPERACOES(idOperacao, QUINTAID, PARCELAID, CULTURAID, OPERADORID, dataInicio, dataFim) VALUES (184, 1, 104, 48, 0, TO_DATE('2022-09-07', 'YYYY-MM-DD'), null);
INSERT INTO OPERACOES(idOperacao, QUINTAID, PARCELAID, CULTURAID, OPERADORID, dataInicio, dataFim) VALUES (185, 1, 104, 41, 0, TO_DATE('2022-09-11', 'YYYY-MM-DD'), null);
INSERT INTO OPERACOES(idOperacao, QUINTAID, PARCELAID, CULTURAID, OPERADORID, dataInicio, dataFim) VALUES (186, 1, 104, 41, 0, TO_DATE('2022-09-20', 'YYYY-MM-DD'), null);
INSERT INTO OPERACOES(idOperacao, QUINTAID, PARCELAID, CULTURAID, OPERADORID, dataInicio, dataFim) VALUES (187, 1, 106, 84, 0, TO_DATE('2022-09-20', 'YYYY-MM-DD'), null);
INSERT INTO OPERACOES(idOperacao, QUINTAID, PARCELAID, CULTURAID, OPERADORID, dataInicio, dataFim) VALUES (188, 1, 103, 80, 0, TO_DATE('2022-10-12', 'YYYY-MM-DD'), null);
INSERT INTO OPERACOES(idOperacao, QUINTAID, PARCELAID, CULTURAID, OPERADORID, dataInicio, dataFim) VALUES (189, 1, 104, 37, 0, TO_DATE('2022-10-17', 'YYYY-MM-DD'), null);
INSERT INTO OPERACOES(idOperacao, QUINTAID, PARCELAID, CULTURAID, OPERADORID, dataInicio, dataFim) VALUES (190, 1, 104, 37, 0, TO_DATE('2022-11-06', 'YYYY-MM-DD'), null);
INSERT INTO OPERACOES(idOperacao, QUINTAID, PARCELAID, CULTURAID, OPERADORID, dataInicio, dataFim) VALUES (191, 1, 102, 92, 0, TO_DATE('2022-11-10', 'YYYY-MM-DD'), null);
INSERT INTO OPERACOES(idOperacao, QUINTAID, PARCELAID, CULTURAID, OPERADORID, dataInicio, dataFim) VALUES (192, 1, 102, 89, 0, TO_DATE('2022-11-10', 'YYYY-MM-DD'), null);
INSERT INTO OPERACOES(idOperacao, QUINTAID, PARCELAID, CULTURAID, OPERADORID, dataInicio, dataFim) VALUES (193, 1, 102, 92, 0, TO_DATE('2022-11-12', 'YYYY-MM-DD'), null);
INSERT INTO OPERACOES(idOperacao, QUINTAID, PARCELAID, CULTURAID, OPERADORID, dataInicio, dataFim) VALUES (194, 1, 102, 89, 0, TO_DATE('2022-11-12', 'YYYY-MM-DD'), null);
INSERT INTO OPERACOES(idOperacao, QUINTAID, PARCELAID, CULTURAID, OPERADORID, dataInicio, dataFim) VALUES (195, 1, 106, 84, 0, TO_DATE('2022-11-15', 'YYYY-MM-DD'), null);
INSERT INTO OPERACOES(idOperacao, QUINTAID, PARCELAID, CULTURAID, OPERADORID, dataInicio, dataFim) VALUES (196, 1, 104, 48, 0, TO_DATE('2022-12-04', 'YYYY-MM-DD'), null);
INSERT INTO OPERACOES(idOperacao, QUINTAID, PARCELAID, CULTURAID, OPERADORID, dataInicio, dataFim) VALUES (197, 1, 104, 41, 0, TO_DATE('2022-12-07', 'YYYY-MM-DD'), null);
INSERT INTO OPERACOES(idOperacao, QUINTAID, PARCELAID, CULTURAID, OPERADORID, dataInicio, dataFim) VALUES (198, 1, 102, 92, 0, TO_DATE('2022-12-11', 'YYYY-MM-DD'), null);
INSERT INTO OPERACOES(idOperacao, QUINTAID, PARCELAID, CULTURAID, OPERADORID, dataInicio, dataFim) VALUES (199, 1, 102, 89, 0, TO_DATE('2022-12-11', 'YYYY-MM-DD'), null);
INSERT INTO OPERACOES(idOperacao, QUINTAID, PARCELAID, CULTURAID, OPERADORID, dataInicio, dataFim) VALUES (200, 1, 107, 94, 0, TO_DATE('2022-12-16', 'YYYY-MM-DD'), null);
INSERT INTO OPERACOES(idOperacao, QUINTAID, PARCELAID, CULTURAID, OPERADORID, dataInicio, dataFim) VALUES (201, 1, 106, 84, 0, TO_DATE('2022-12-18', 'YYYY-MM-DD'), null);
INSERT INTO OPERACOES(idOperacao, QUINTAID, PARCELAID, CULTURAID, OPERADORID, dataInicio, dataFim) VALUES (202, 1, 107, 95, 0, TO_DATE('2022-12-18', 'YYYY-MM-DD'), null);
INSERT INTO OPERACOES(idOperacao, QUINTAID, PARCELAID, CULTURAID, OPERADORID, dataInicio, dataFim) VALUES (203, 1, 104, 37, 0, TO_DATE('2023-01-12', 'YYYY-MM-DD'), null);
INSERT INTO OPERACOES(idOperacao, QUINTAID, PARCELAID, CULTURAID, OPERADORID, dataInicio, dataFim) VALUES (204, 1, 106, 84, 0, TO_DATE('2023-01-14', 'YYYY-MM-DD'), null);
INSERT INTO OPERACOES(idOperacao, QUINTAID, PARCELAID, CULTURAID, OPERADORID, dataInicio, dataFim) VALUES (205, 1, 107, 94, 0, TO_DATE('2023-01-20', 'YYYY-MM-DD'), null);
INSERT INTO OPERACOES(idOperacao, QUINTAID, PARCELAID, CULTURAID, OPERADORID, dataInicio, dataFim) VALUES (206, 1, 107, 95, 0, TO_DATE('2023-01-20', 'YYYY-MM-DD'), null);
INSERT INTO OPERACOES(idOperacao, QUINTAID, PARCELAID, CULTURAID, OPERADORID, dataInicio, dataFim) VALUES (207, 1, 103, 80, 0, TO_DATE('2023-03-20', 'YYYY-MM-DD'), null);
INSERT INTO OPERACOES(idOperacao, QUINTAID, PARCELAID, CULTURAID, OPERADORID, dataInicio, dataFim) VALUES (208, 1, 104, 0, 0, TO_DATE('2023/05/14', 'YYYY-MM-DD'), null);
INSERT INTO OPERACOES(idOperacao, QUINTAID, PARCELAID, CULTURAID, OPERADORID, dataInicio, dataFim) VALUES (209, 1, 104, 0, 0, TO_DATE('2023/06/01', 'YYYY-MM-DD'), null);
INSERT INTO OPERACOES(idOperacao, QUINTAID, PARCELAID, CULTURAID, OPERADORID, dataInicio, dataFim) VALUES (210, 1, 104, 0, 0, TO_DATE('2023/06/15', 'YYYY-MM-DD'), null);
INSERT INTO OPERACOES(idOperacao, QUINTAID, PARCELAID, CULTURAID, OPERADORID, dataInicio, dataFim) VALUES (211, 1, 104, 0, 0, TO_DATE('2023/06/30', 'YYYY-MM-DD'), null);
INSERT INTO OPERACOES(idOperacao, QUINTAID, PARCELAID, CULTURAID, OPERADORID, dataInicio, dataFim) VALUES (212, 1, 104, 0, 0, TO_DATE('2023/07/07', 'YYYY-MM-DD'), null);
INSERT INTO OPERACOES(idOperacao, QUINTAID, PARCELAID, CULTURAID, OPERADORID, dataInicio, dataFim) VALUES (213, 1, 104, 0, 0, TO_DATE('2023/07/14', 'YYYY-MM-DD'), null);
INSERT INTO OPERACOES(idOperacao, QUINTAID, PARCELAID, CULTURAID, OPERADORID, dataInicio, dataFim) VALUES (214, 1, 104, 0, 0, TO_DATE('2023/07/21', 'YYYY-MM-DD'), null);
INSERT INTO OPERACOES(idOperacao, QUINTAID, PARCELAID, CULTURAID, OPERADORID, dataInicio, dataFim) VALUES (215, 1, 104, 0, 0, TO_DATE('2023/07/28', 'YYYY-MM-DD'), null);
INSERT INTO OPERACOES(idOperacao, QUINTAID, PARCELAID, CULTURAID, OPERADORID, dataInicio, dataFim) VALUES (216, 1, 104, 0, 0, TO_DATE('2023/08/04', 'YYYY-MM-DD'), null);
INSERT INTO OPERACOES(idOperacao, QUINTAID, PARCELAID, CULTURAID, OPERADORID, dataInicio, dataFim) VALUES (217, 1, 104, 0, 0, TO_DATE('2023/08/11', 'YYYY-MM-DD'), null);
INSERT INTO OPERACOES(idOperacao, QUINTAID, PARCELAID, CULTURAID, OPERADORID, dataInicio, dataFim) VALUES (218, 1, 104, 0, 0, TO_DATE('2023/08/18', 'YYYY-MM-DD'), null);
INSERT INTO OPERACOES(idOperacao, QUINTAID, PARCELAID, CULTURAID, OPERADORID, dataInicio, dataFim) VALUES (219, 1, 104, 0, 0, TO_DATE('2023/08/25', 'YYYY-MM-DD'), null);
INSERT INTO OPERACOES(idOperacao, QUINTAID, PARCELAID, CULTURAID, OPERADORID, dataInicio, dataFim) VALUES (220, 1, 104, 0, 0, TO_DATE('2023/09/01', 'YYYY-MM-DD'), null);
INSERT INTO OPERACOES(idOperacao, QUINTAID, PARCELAID, CULTURAID, OPERADORID, dataInicio, dataFim) VALUES (221, 1, 104, 0, 0, TO_DATE('2023/09/08', 'YYYY-MM-DD'), null);
INSERT INTO OPERACOES(idOperacao, QUINTAID, PARCELAID, CULTURAID, OPERADORID, dataInicio, dataFim) VALUES (222, 1, 104, 0, 0, TO_DATE('2023/09/15', 'YYYY-MM-DD'), null);
INSERT INTO OPERACOES(idOperacao, QUINTAID, PARCELAID, CULTURAID, OPERADORID, dataInicio, dataFim) VALUES (223, 1, 104, 0, 0, TO_DATE('2023/08/30', 'YYYY-MM-DD'), null);
INSERT INTO OPERACOES(idOperacao, QUINTAID, PARCELAID, CULTURAID, OPERADORID, dataInicio, dataFim) VALUES (224, 1, 104, 0, 0, TO_DATE('2023/09/05', 'YYYY-MM-DD'), null);
INSERT INTO OPERACOES(idOperacao, QUINTAID, PARCELAID, CULTURAID, OPERADORID, dataInicio, dataFim) VALUES (225, 1, 104, 0, 0, TO_DATE('2023/09/28', 'YYYY-MM-DD'), null);
INSERT INTO OPERACOES(idOperacao, QUINTAID, PARCELAID, CULTURAID, OPERADORID, dataInicio, dataFim) VALUES (226, 1, 104, 0, 0, TO_DATE('2023/10/03', 'YYYY-MM-DD'), null);
INSERT INTO OPERACOES(idOperacao, QUINTAID, PARCELAID, CULTURAID, OPERADORID, dataInicio, dataFim) VALUES (227, 1, 105, 0, 0, TO_DATE('2019/01/04', 'YYYY-MM-DD'), null);
INSERT INTO OPERACOES(idOperacao, QUINTAID, PARCELAID, CULTURAID, OPERADORID, dataInicio, dataFim) VALUES (228, 1, 105, 44, 0, TO_DATE('2019/01/09', 'YYYY-MM-DD'), null);
INSERT INTO OPERACOES(idOperacao, QUINTAID, PARCELAID, CULTURAID, OPERADORID, dataInicio, dataFim) VALUES (229, 1, 105, 56, 0, TO_DATE('2019/01/09', 'YYYY-MM-DD'), null);
INSERT INTO OPERACOES(idOperacao, QUINTAID, PARCELAID, CULTURAID, OPERADORID, dataInicio, dataFim) VALUES (230, 1, 105, 61, 0, TO_DATE('2019/01/10', 'YYYY-MM-DD'), null);
INSERT INTO OPERACOES(idOperacao, QUINTAID, PARCELAID, CULTURAID, OPERADORID, dataInicio, dataFim) VALUES (231, 1, 105, 45, 0, TO_DATE('2019/01/10', 'YYYY-MM-DD'), null);
INSERT INTO OPERACOES(idOperacao, QUINTAID, PARCELAID, CULTURAID, OPERADORID, dataInicio, dataFim) VALUES (232, 1, 105, 46, 0, TO_DATE('2019/01/11', 'YYYY-MM-DD'), null);
INSERT INTO OPERACOES(idOperacao, QUINTAID, PARCELAID, CULTURAID, OPERADORID, dataInicio, dataFim) VALUES (233, 1, 105, 57, 0, TO_DATE('2019/01/11', 'YYYY-MM-DD'), null);
INSERT INTO OPERACOES(idOperacao, QUINTAID, PARCELAID, CULTURAID, OPERADORID, dataInicio, dataFim) VALUES (234, 1, 105, 0, 0, TO_DATE('2020/01/06', 'YYYY-MM-DD'), null);
INSERT INTO OPERACOES(idOperacao, QUINTAID, PARCELAID, CULTURAID, OPERADORID, dataInicio, dataFim) VALUES (235, 1, 105, 0, 0, TO_DATE('2020/01/07', 'YYYY-MM-DD'), null);
INSERT INTO OPERACOES(idOperacao, QUINTAID, PARCELAID, CULTURAID, OPERADORID, dataInicio, dataFim) VALUES (236, 1, 105, 0, 0, TO_DATE('2021/01/07', 'YYYY-MM-DD'), null);
INSERT INTO OPERACOES(idOperacao, QUINTAID, PARCELAID, CULTURAID, OPERADORID, dataInicio, dataFim) VALUES (237, 1, 105, 0, 0, TO_DATE('2021/01/08', 'YYYY-MM-DD'), null);
INSERT INTO OPERACOES(idOperacao, QUINTAID, PARCELAID, CULTURAID, OPERADORID, dataInicio, dataFim) VALUES (238, 1, 105, 0, 0, TO_DATE('2022/01/15', 'YYYY-MM-DD'), null);
INSERT INTO OPERACOES(idOperacao, QUINTAID, PARCELAID, CULTURAID, OPERADORID, dataInicio, dataFim) VALUES (239, 1, 105, 0, 0, TO_DATE('2022/01/16', 'YYYY-MM-DD'), null);
INSERT INTO OPERACOES(idOperacao, QUINTAID, PARCELAID, CULTURAID, OPERADORID, dataInicio, dataFim) VALUES (240, 1, 105, 0, 0, TO_DATE('2023/05/15', 'YYYY-MM-DD'), null);
INSERT INTO OPERACOES(idOperacao, QUINTAID, PARCELAID, CULTURAID, OPERADORID, dataInicio, dataFim) VALUES (241, 1, 105, 45, 0, TO_DATE('2023/09/15', 'YYYY-MM-DD'), null);
INSERT INTO OPERACOES(idOperacao, QUINTAID, PARCELAID, CULTURAID, OPERADORID, dataInicio, dataFim) VALUES (242, 1, 105, 46, 0, TO_DATE('2023/09/16', 'YYYY-MM-DD'), null);
INSERT INTO OPERACOES(idOperacao, QUINTAID, PARCELAID, CULTURAID, OPERADORID, dataInicio, dataFim) VALUES (243, 1, 105, 46, 0, TO_DATE('2023/09/20', 'YYYY-MM-DD'), null);
INSERT INTO OPERACOES(idOperacao, QUINTAID, PARCELAID, CULTURAID, OPERADORID, dataInicio, dataFim) VALUES (244, 1, 105, 61, 0, TO_DATE('2023/09/27', 'YYYY-MM-DD'), null);
INSERT INTO OPERACOES(idOperacao, QUINTAID, PARCELAID, CULTURAID, OPERADORID, dataInicio, dataFim) VALUES (245, 1, 105, 61, 0, TO_DATE('2023/10/05', 'YYYY-MM-DD'), null);
INSERT INTO OPERACOES(idOperacao, QUINTAID, PARCELAID, CULTURAID, OPERADORID, dataInicio, dataFim) VALUES (246, 1, 105, 57, 0, TO_DATE('2023/10/15', 'YYYY-MM-DD'), null);
INSERT INTO OPERACOES(idOperacao, QUINTAID, PARCELAID, CULTURAID, OPERADORID, dataInicio, dataFim) VALUES (247, 1, 105, 56, 0, TO_DATE('2023/10/15', 'YYYY-MM-DD'), null);
INSERT INTO OPERACOES(idOperacao, QUINTAID, PARCELAID, CULTURAID, OPERADORID, dataInicio, dataFim) VALUES (248, 1, 105, 44, 0, TO_DATE('2023/11/12', 'YYYY-MM-DD'), null);
INSERT INTO OPERACOES(idOperacao, QUINTAID, PARCELAID, CULTURAID, OPERADORID, dataInicio, dataFim) VALUES (249, 1, 105, 44, 0, TO_DATE('2023/11/15', 'YYYY-MM-DD'), null);
INSERT INTO OPERACOES(idOperacao, QUINTAID, PARCELAID, CULTURAID, OPERADORID, dataInicio, dataFim) VALUES (250, 1, 105, 0, 0, TO_DATE('2023/05/13', 'YYYY-MM-DD'), null);
INSERT INTO OPERACOES(idOperacao, QUINTAID, PARCELAID, CULTURAID, OPERADORID, dataInicio, dataFim) VALUES (251, 1, 105, 0, 0, TO_DATE('2023/06/02', 'YYYY-MM-DD'), null);
INSERT INTO OPERACOES(idOperacao, QUINTAID, PARCELAID, CULTURAID, OPERADORID, dataInicio, dataFim) VALUES (252, 1, 105, 0, 0, TO_DATE('2023/06/16', 'YYYY-MM-DD'), null);
INSERT INTO OPERACOES(idOperacao, QUINTAID, PARCELAID, CULTURAID, OPERADORID, dataInicio, dataFim) VALUES (253, 1, 105, 0, 0, TO_DATE('2023/07/01', 'YYYY-MM-DD'), null);
INSERT INTO OPERACOES(idOperacao, QUINTAID, PARCELAID, CULTURAID, OPERADORID, dataInicio, dataFim) VALUES (254, 1, 105, 0, 0, TO_DATE('2023/07/08', 'YYYY-MM-DD'), null);
INSERT INTO OPERACOES(idOperacao, QUINTAID, PARCELAID, CULTURAID, OPERADORID, dataInicio, dataFim) VALUES (255, 1, 105, 0, 0, TO_DATE('2023/07/15', 'YYYY-MM-DD'), null);
INSERT INTO OPERACOES(idOperacao, QUINTAID, PARCELAID, CULTURAID, OPERADORID, dataInicio, dataFim) VALUES (256, 1, 105, 0, 0, TO_DATE('2023/07/22', 'YYYY-MM-DD'), null);
INSERT INTO OPERACOES(idOperacao, QUINTAID, PARCELAID, CULTURAID, OPERADORID, dataInicio, dataFim) VALUES (257, 1, 105, 0, 0, TO_DATE('2023/07/29', 'YYYY-MM-DD'), null);
INSERT INTO OPERACOES(idOperacao, QUINTAID, PARCELAID, CULTURAID, OPERADORID, dataInicio, dataFim) VALUES (258, 1, 105, 0, 0, TO_DATE('2023/08/05', 'YYYY-MM-DD'), null);
INSERT INTO OPERACOES(idOperacao, QUINTAID, PARCELAID, CULTURAID, OPERADORID, dataInicio, dataFim) VALUES (259, 1, 105, 0, 0, TO_DATE('2023/08/10', 'YYYY-MM-DD'), null);
INSERT INTO OPERACOES(idOperacao, QUINTAID, PARCELAID, CULTURAID, OPERADORID, dataInicio, dataFim) VALUES (260, 1, 105, 0, 0, TO_DATE('2023/08/17', 'YYYY-MM-DD'), null);
INSERT INTO OPERACOES(idOperacao, QUINTAID, PARCELAID, CULTURAID, OPERADORID, dataInicio, dataFim) VALUES (261, 1, 105, 0, 0, TO_DATE('2023/08/24', 'YYYY-MM-DD'), null);
INSERT INTO OPERACOES(idOperacao, QUINTAID, PARCELAID, CULTURAID, OPERADORID, dataInicio, dataFim) VALUES (262, 1, 105, 0, 0, TO_DATE('2023/09/02', 'YYYY-MM-DD'), null);
INSERT INTO OPERACOES(idOperacao, QUINTAID, PARCELAID, CULTURAID, OPERADORID, dataInicio, dataFim) VALUES (263, 1, 105, 0, 0, TO_DATE('2023/09/09', 'YYYY-MM-DD'), null);
INSERT INTO OPERACOES(idOperacao, QUINTAID, PARCELAID, CULTURAID, OPERADORID, dataInicio, dataFim) VALUES (264, 1, 105, 0, 0, TO_DATE('2023/09/18', 'YYYY-MM-DD'), null);
INSERT INTO OPERACOES(idOperacao, QUINTAID, PARCELAID, CULTURAID, OPERADORID, dataInicio, dataFim) VALUES (265, 1, 102, 86, 0, TO_DATE('2016/10/12', 'YYYY-MM-DD'), null);
INSERT INTO OPERACOES(idOperacao, QUINTAID, PARCELAID, CULTURAID, OPERADORID, dataInicio, dataFim) VALUES (266, 1, 102, 0, 0, TO_DATE('2021/01/13', 'YYYY-MM-DD'), null);
INSERT INTO OPERACOES(idOperacao, QUINTAID, PARCELAID, CULTURAID, OPERADORID, dataInicio, dataFim) VALUES (267, 1, 102, 0, 0, TO_DATE('2021/01/12', 'YYYY-MM-DD'), null);
INSERT INTO OPERACOES(idOperacao, QUINTAID, PARCELAID, CULTURAID, OPERADORID, dataInicio, dataFim) VALUES (268, 1, 102, 0, 0, TO_DATE('2022/01/12', 'YYYY-MM-DD'), null);
INSERT INTO OPERACOES(idOperacao, QUINTAID, PARCELAID, CULTURAID, OPERADORID, dataInicio, dataFim) VALUES (269, 1, 102, 0, 0, TO_DATE('2022/01/13', 'YYYY-MM-DD'), null);
INSERT INTO OPERACOES(idOperacao, QUINTAID, PARCELAID, CULTURAID, OPERADORID, dataInicio, dataFim) VALUES (270, 1, 102, 0, 0, TO_DATE('2023/01/12', 'YYYY-MM-DD'), null);
INSERT INTO OPERACOES(idOperacao, QUINTAID, PARCELAID, CULTURAID, OPERADORID, dataInicio, dataFim) VALUES (271, 1, 102, 86, 0, TO_DATE('2023/11/02', 'YYYY-MM-DD'), null);
INSERT INTO OPERACOES(idOperacao, QUINTAID, PARCELAID, CULTURAID, OPERADORID, dataInicio, dataFim) VALUES (272, 1, 102, 89, 0, TO_DATE('2023/11/05', 'YYYY-MM-DD'), null);
INSERT INTO OPERACOES(idOperacao, QUINTAID, PARCELAID, CULTURAID, OPERADORID, dataInicio, dataFim) VALUES (273, 1, 102, 92, 0, TO_DATE('2023/11/08', 'YYYY-MM-DD'), null);
INSERT INTO OPERACOES(idOperacao, QUINTAID, PARCELAID, CULTURAID, OPERADORID, dataInicio, dataFim) VALUES (274, 1, 102, 0, 0, TO_DATE('2023/06/02', 'YYYY-MM-DD'), null);
INSERT INTO OPERACOES(idOperacao, QUINTAID, PARCELAID, CULTURAID, OPERADORID, dataInicio, dataFim) VALUES (275, 1, 102, 0, 0, TO_DATE('2023/07/02', 'YYYY-MM-DD'), null);
INSERT INTO OPERACOES(idOperacao, QUINTAID, PARCELAID, CULTURAID, OPERADORID, dataInicio, dataFim) VALUES (276, 1, 102, 0, 0, TO_DATE('2023/08/02', 'YYYY-MM-DD'), null);
INSERT INTO OPERACOES(idOperacao, QUINTAID, PARCELAID, CULTURAID, OPERADORID, dataInicio, dataFim) VALUES (277, 1, 102, 0, 0, TO_DATE('2023/09/04', 'YYYY-MM-DD'), null);
INSERT INTO OPERACOES(idOperacao, QUINTAID, PARCELAID, CULTURAID, OPERADORID, dataInicio, dataFim) VALUES (278, 1, 102, 0, 0, TO_DATE('2023/10/02', 'YYYY-MM-DD'), null);
INSERT INTO OPERACOES(idOperacao, QUINTAID, PARCELAID, CULTURAID, OPERADORID, dataInicio, dataFim) VALUES (279, 1, 108, 0, 0, TO_DATE('2023/04/01', 'YYYY-MM-DD'), null);
INSERT INTO OPERACOES(idOperacao, QUINTAID, PARCELAID, CULTURAID, OPERADORID, dataInicio, dataFim) VALUES (280, 1, 108, 77, 0, TO_DATE('2023/04/05', 'YYYY-MM-DD'), null);
INSERT INTO OPERACOES(idOperacao, QUINTAID, PARCELAID, CULTURAID, OPERADORID, dataInicio, dataFim) VALUES (281, 1, 108, 96, 0, TO_DATE('2023/04/06', 'YYYY-MM-DD'), null);
INSERT INTO OPERACOES(idOperacao, QUINTAID, PARCELAID, CULTURAID, OPERADORID, dataInicio, dataFim) VALUES (282, 1, 108, 77, 0, TO_DATE('2023/05/08', 'YYYY-MM-DD'), null);
INSERT INTO OPERACOES(idOperacao, QUINTAID, PARCELAID, CULTURAID, OPERADORID, dataInicio, dataFim) VALUES (283, 1, 108, 96, 0, TO_DATE('2023/05/20', 'YYYY-MM-DD'), null);
INSERT INTO OPERACOES(idOperacao, QUINTAID, PARCELAID, CULTURAID, OPERADORID, dataInicio, dataFim) VALUES (284, 1, 108, 77, 0, TO_DATE('2023/06/14', 'YYYY-MM-DD'), null);
INSERT INTO OPERACOES(idOperacao, QUINTAID, PARCELAID, CULTURAID, OPERADORID, dataInicio, dataFim) VALUES (285, 1, 108, 96, 0, TO_DATE('2023/06/20', 'YYYY-MM-DD'), null);
INSERT INTO OPERACOES(idOperacao, QUINTAID, PARCELAID, CULTURAID, OPERADORID, dataInicio, dataFim) VALUES (286, 1, 108, 77, 0, TO_DATE('2023/06/28', 'YYYY-MM-DD'), null);
INSERT INTO OPERACOES(idOperacao, QUINTAID, PARCELAID, CULTURAID, OPERADORID, dataInicio, dataFim) VALUES (287, 1, 108, 0, 0, TO_DATE('2023/07/03', 'YYYY-MM-DD'), null);
INSERT INTO OPERACOES(idOperacao, QUINTAID, PARCELAID, CULTURAID, OPERADORID, dataInicio, dataFim) VALUES (288, 1, 108, 0, 0, TO_DATE('2023/07/04', 'YYYY-MM-DD'), null);
INSERT INTO OPERACOES(idOperacao, QUINTAID, PARCELAID, CULTURAID, OPERADORID, dataInicio, dataFim) VALUES (289, 1, 108, 75, 0, TO_DATE('2023/07/05', 'YYYY-MM-DD'), null);
INSERT INTO OPERACOES(idOperacao, QUINTAID, PARCELAID, CULTURAID, OPERADORID, dataInicio, dataFim) VALUES (290, 1, 108, 75, 0, TO_DATE('2023/08/08', 'YYYY-MM-DD'), null);
INSERT INTO OPERACOES(idOperacao, QUINTAID, PARCELAID, CULTURAID, OPERADORID, dataInicio, dataFim) VALUES (291, 1, 108, 96, 0, TO_DATE('2023/09/15', 'YYYY-MM-DD'), null);
INSERT INTO OPERACOES(idOperacao, QUINTAID, PARCELAID, CULTURAID, OPERADORID, dataInicio, dataFim) VALUES (292, 1, 108, 96, 0, TO_DATE('2023/09/25', 'YYYY-MM-DD'), null);
INSERT INTO OPERACOES(idOperacao, QUINTAID, PARCELAID, CULTURAID, OPERADORID, dataInicio, dataFim) VALUES (293, 1, 108, 75, 0, TO_DATE('2023/09/18', 'YYYY-MM-DD'), null);
INSERT INTO OPERACOES(idOperacao, QUINTAID, PARCELAID, CULTURAID, OPERADORID, dataInicio, dataFim) VALUES (294, 1, 108, 75, 0, TO_DATE('2023/09/22', 'YYYY-MM-DD'), null);
INSERT INTO OPERACOES(idOperacao, QUINTAID, PARCELAID, CULTURAID, OPERADORID, dataInicio, dataFim) VALUES (295, 1, 108, 75, 0, TO_DATE('2023/10/05', 'YYYY-MM-DD'), null);
INSERT INTO OPERACOES(idOperacao, QUINTAID, PARCELAID, CULTURAID, OPERADORID, dataInicio, dataFim) VALUES (296, 1, 108, 0, 0, TO_DATE('2023/10/10', 'YYYY-MM-DD'), null);
INSERT INTO OPERACOES(idOperacao, QUINTAID, PARCELAID, CULTURAID, OPERADORID, dataInicio, dataFim) VALUES (297, 1, 108, 80, 0, TO_DATE('2023/10/12', 'YYYY-MM-DD'), null);
INSERT INTO OPERACOES(idOperacao, QUINTAID, PARCELAID, CULTURAID, OPERADORID, dataInicio, dataFim) VALUES (298, 1, 108, 0, 0, TO_DATE('2023/06/12', 'YYYY-MM-DD'), null);
INSERT INTO OPERACOES(idOperacao, QUINTAID, PARCELAID, CULTURAID, OPERADORID, dataInicio, dataFim) VALUES (299, 1, 108, 0, 0, TO_DATE('2023/06/19', 'YYYY-MM-DD'), null);
INSERT INTO OPERACOES(idOperacao, QUINTAID, PARCELAID, CULTURAID, OPERADORID, dataInicio, dataFim) VALUES (300, 1, 108, 0, 0, TO_DATE('2023/06/30', 'YYYY-MM-DD'), null);
INSERT INTO OPERACOES(idOperacao, QUINTAID, PARCELAID, CULTURAID, OPERADORID, dataInicio, dataFim) VALUES (301, 1, 108, 0, 0, TO_DATE('2023/07/08', 'YYYY-MM-DD'), null);
INSERT INTO OPERACOES(idOperacao, QUINTAID, PARCELAID, CULTURAID, OPERADORID, dataInicio, dataFim) VALUES (302, 1, 108, 0, 0, TO_DATE('2023/07/15', 'YYYY-MM-DD'), null);
INSERT INTO OPERACOES(idOperacao, QUINTAID, PARCELAID, CULTURAID, OPERADORID, dataInicio, dataFim) VALUES (303, 1, 108, 0, 0, TO_DATE('2023/07/22', 'YYYY-MM-DD'), null);
INSERT INTO OPERACOES(idOperacao, QUINTAID, PARCELAID, CULTURAID, OPERADORID, dataInicio, dataFim) VALUES (304, 1, 108, 0, 0, TO_DATE('2023/07/29', 'YYYY-MM-DD'), null);
INSERT INTO OPERACOES(idOperacao, QUINTAID, PARCELAID, CULTURAID, OPERADORID, dataInicio, dataFim) VALUES (305, 1, 108, 0, 0, TO_DATE('2023/08/05', 'YYYY-MM-DD'), null);
INSERT INTO OPERACOES(idOperacao, QUINTAID, PARCELAID, CULTURAID, OPERADORID, dataInicio, dataFim) VALUES (306, 1, 108, 0, 0, TO_DATE('2023/08/12', 'YYYY-MM-DD'), null);
INSERT INTO OPERACOES(idOperacao, QUINTAID, PARCELAID, CULTURAID, OPERADORID, dataInicio, dataFim) VALUES (307, 1, 108, 0, 0, TO_DATE('2023/08/19', 'YYYY-MM-DD'), null);
INSERT INTO OPERACOES(idOperacao, QUINTAID, PARCELAID, CULTURAID, OPERADORID, dataInicio, dataFim) VALUES (308, 1, 108, 0, 0, TO_DATE('2023/08/26', 'YYYY-MM-DD'), null);
INSERT INTO OPERACOES(idOperacao, QUINTAID, PARCELAID, CULTURAID, OPERADORID, dataInicio, dataFim) VALUES (309, 1, 108, 0, 0, TO_DATE('2023/08/31', 'YYYY-MM-DD'), null);
INSERT INTO OPERACOES(idOperacao, QUINTAID, PARCELAID, CULTURAID, OPERADORID, dataInicio, dataFim) VALUES (310, 1, 108, 0, 0, TO_DATE('2023/09/05', 'YYYY-MM-DD'), null);
INSERT INTO OPERACOES(idOperacao, QUINTAID, PARCELAID, CULTURAID, OPERADORID, dataInicio, dataFim) VALUES (311, 1, 108, 0, 0, TO_DATE('2023/09/20', 'YYYY-MM-DD'), null);
INSERT INTO OPERACOES(idOperacao, QUINTAID, PARCELAID, CULTURAID, OPERADORID, dataInicio, dataFim) VALUES (312, 1, 108, 0, 0, TO_DATE('2023/06/02', 'YYYY-MM-DD'), null);
INSERT INTO OPERACOES(idOperacao, QUINTAID, PARCELAID, CULTURAID, OPERADORID, dataInicio, dataFim) VALUES (313, 1, 108, 0, 0, TO_DATE('2023/06/09', 'YYYY-MM-DD'), null);
INSERT INTO OPERACOES(idOperacao, QUINTAID, PARCELAID, CULTURAID, OPERADORID, dataInicio, dataFim) VALUES (314, 1, 108, 0, 0, TO_DATE('2023/07/09', 'YYYY-MM-DD'), null);
INSERT INTO OPERACOES(idOperacao, QUINTAID, PARCELAID, CULTURAID, OPERADORID, dataInicio, dataFim) VALUES (315, 1, 108, 0, 0, TO_DATE('2023/07/16', 'YYYY-MM-DD'), null);
INSERT INTO OPERACOES(idOperacao, QUINTAID, PARCELAID, CULTURAID, OPERADORID, dataInicio, dataFim) VALUES (316, 1, 108, 0, 0, TO_DATE('2023/07/23', 'YYYY-MM-DD'), null);
INSERT INTO OPERACOES(idOperacao, QUINTAID, PARCELAID, CULTURAID, OPERADORID, dataInicio, dataFim) VALUES (317, 1, 108, 0, 0, TO_DATE('2023/07/30', 'YYYY-MM-DD'), null);
INSERT INTO OPERACOES(idOperacao, QUINTAID, PARCELAID, CULTURAID, OPERADORID, dataInicio, dataFim) VALUES (318, 1, 108, 0, 0, TO_DATE('2023/08/07', 'YYYY-MM-DD'), null);
INSERT INTO OPERACOES(idOperacao, QUINTAID, PARCELAID, CULTURAID, OPERADORID, dataInicio, dataFim) VALUES (319, 1, 108, 0, 0, TO_DATE('2023/08/14', 'YYYY-MM-DD'), null);
INSERT INTO OPERACOES(idOperacao, QUINTAID, PARCELAID, CULTURAID, OPERADORID, dataInicio, dataFim) VALUES (320, 1, 108, 0, 0, TO_DATE('2023/08/21', 'YYYY-MM-DD'), null);
INSERT INTO OPERACOES(idOperacao, QUINTAID, PARCELAID, CULTURAID, OPERADORID, dataInicio, dataFim) VALUES (321, 1, 108, 0, 0, TO_DATE('2023/08/28', 'YYYY-MM-DD'), null);
INSERT INTO OPERACOES(idOperacao, QUINTAID, PARCELAID, CULTURAID, OPERADORID, dataInicio, dataFim) VALUES (322, 1, 108, 0, 0, TO_DATE('2023/09/06', 'YYYY-MM-DD'), null);
INSERT INTO OPERACOES(idOperacao, QUINTAID, PARCELAID, CULTURAID, OPERADORID, dataInicio, dataFim) VALUES (323, 1, 108, 0, 0, TO_DATE('2023/09/13', 'YYYY-MM-DD'), null);

INSERT INTO APLICACOES_FATPROD(OPERACAOID, FATORPRODID, quantidade, UNIDADEMEDIDA) VALUES (15, 'PATENTKALI', 15.0, 'kg');
INSERT INTO APLICACOES_FATPROD(OPERACAOID, FATORPRODID, quantidade, UNIDADEMEDIDA) VALUES (16, 'PATENTKALI', 10.0, 'kg');
INSERT INTO APLICACOES_FATPROD(OPERACAOID, FATORPRODID, quantidade, UNIDADEMEDIDA) VALUES (22, 'ESTA KIESERIT', 10.0, 'kg');
INSERT INTO APLICACOES_FATPROD(OPERACAOID, FATORPRODID, quantidade, UNIDADEMEDIDA) VALUES (23, 'ESTA KIESERIT', 6.0, 'kg');
INSERT INTO APLICACOES_FATPROD(OPERACAOID, FATORPRODID, quantidade, UNIDADEMEDIDA) VALUES (24, 'ESTA KIESERIT', 5.0, 'kg');
INSERT INTO APLICACOES_FATPROD(OPERACAOID, FATORPRODID, quantidade, UNIDADEMEDIDA) VALUES (43, 'CALDA BORDALESA ASCENZA', 2.0, 'kg');
INSERT INTO APLICACOES_FATPROD(OPERACAOID, FATORPRODID, quantidade, UNIDADEMEDIDA) VALUES (44, 'CALDA BORDALESA ASCENZA', 2.5, 'kg');
INSERT INTO APLICACOES_FATPROD(OPERACAOID, FATORPRODID, quantidade, UNIDADEMEDIDA) VALUES (45, 'ESTA KIESERIT', 10.0, 'kg');
INSERT INTO APLICACOES_FATPROD(OPERACAOID, FATORPRODID, quantidade, UNIDADEMEDIDA) VALUES (46, 'ESTA KIESERIT', 5.0, 'kg');
INSERT INTO APLICACOES_FATPROD(OPERACAOID, FATORPRODID, quantidade, UNIDADEMEDIDA) VALUES (47, 'ESTA KIESERIT', 7.0, 'kg');
INSERT INTO APLICACOES_FATPROD(OPERACAOID, FATORPRODID, quantidade, UNIDADEMEDIDA) VALUES (60, 'CALDA BORDALESA ASCENZA', 2.0, 'kg');
INSERT INTO APLICACOES_FATPROD(OPERACAOID, FATORPRODID, quantidade, UNIDADEMEDIDA) VALUES (61, 'CALDA BORDALESA ASCENZA', 2.5, 'kg');
INSERT INTO APLICACOES_FATPROD(OPERACAOID, FATORPRODID, quantidade, UNIDADEMEDIDA) VALUES (63, 'BIOCAL COMPOSTO', 600.0, 'kg');
INSERT INTO APLICACOES_FATPROD(OPERACAOID, FATORPRODID, quantidade, UNIDADEMEDIDA) VALUES (90, 'PATENTKALI', 10.0, 'kg');
INSERT INTO APLICACOES_FATPROD(OPERACAOID, FATORPRODID, quantidade, UNIDADEMEDIDA) VALUES (91, 'PATENTKALI', 7.0, 'kg');
INSERT INTO APLICACOES_FATPROD(OPERACAOID, FATORPRODID, quantidade, UNIDADEMEDIDA) VALUES (98, 'CALDA BORDALESA ASCENZA', 2.0, 'kg');
INSERT INTO APLICACOES_FATPROD(OPERACAOID, FATORPRODID, quantidade, UNIDADEMEDIDA) VALUES (99, 'CALDA BORDALESA ASCENZA', 2.5, 'kg');
INSERT INTO APLICACOES_FATPROD(OPERACAOID, FATORPRODID, quantidade, UNIDADEMEDIDA) VALUES (105, 'EPSO MICROTOP', 10.0, 'kg');
INSERT INTO APLICACOES_FATPROD(OPERACAOID, FATORPRODID, quantidade, UNIDADEMEDIDA) VALUES (150, 'CALDA BORDALESA ASCENZA', 3.0, 'kg');
INSERT INTO APLICACOES_FATPROD(OPERACAOID, FATORPRODID, quantidade, UNIDADEMEDIDA) VALUES (151, 'CALDA BORDALESA ASCENZA', 3.5, 'kg');
INSERT INTO APLICACOES_FATPROD(OPERACAOID, FATORPRODID, quantidade, UNIDADEMEDIDA) VALUES (158, 'EPSO MICROTOP', 10.0, 'kg');
INSERT INTO APLICACOES_FATPROD(OPERACAOID, FATORPRODID, quantidade, UNIDADEMEDIDA) VALUES (198, 'PATENTKALI', 15.0, 'kg');
INSERT INTO APLICACOES_FATPROD(OPERACAOID, FATORPRODID, quantidade, UNIDADEMEDIDA) VALUES (199, 'PATENTKALI', 10.0, 'kg');
INSERT INTO APLICACOES_FATPROD(OPERACAOID, FATORPRODID, quantidade, UNIDADEMEDIDA) VALUES (205, 'CALDA BORDALESA ASCENZA', 4.0, 'kg');
INSERT INTO APLICACOES_FATPROD(OPERACAOID, FATORPRODID, quantidade, UNIDADEMEDIDA) VALUES (206, 'CALDA BORDALESA ASCENZA', 5.0, 'kg');
INSERT INTO APLICACOES_FATPROD(OPERACAOID, FATORPRODID, quantidade, UNIDADEMEDIDA) VALUES (227, 'BIOFERTIL N6', 3200.0, 'kg');
INSERT INTO APLICACOES_FATPROD(OPERACAOID, FATORPRODID, quantidade, UNIDADEMEDIDA) VALUES (234, 'FERTIMAX EXTRUME DE CAVALO', 100.0, 'kg');
INSERT INTO APLICACOES_FATPROD(OPERACAOID, FATORPRODID, quantidade, UNIDADEMEDIDA) VALUES (235, 'FERTIMAX EXTRUME DE CAVALO', 80.0, 'kg');
INSERT INTO APLICACOES_FATPROD(OPERACAOID, FATORPRODID, quantidade, UNIDADEMEDIDA) VALUES (236, 'FERTIMAX EXTRUME DE CAVALO', 150.0, 'kg');
INSERT INTO APLICACOES_FATPROD(OPERACAOID, FATORPRODID, quantidade, UNIDADEMEDIDA) VALUES (237, 'FERTIMAX EXTRUME DE CAVALO', 120.0, 'kg');
INSERT INTO APLICACOES_FATPROD(OPERACAOID, FATORPRODID, quantidade, UNIDADEMEDIDA) VALUES (238, 'BIOFERTIL N6', 150.0, 'kg');
INSERT INTO APLICACOES_FATPROD(OPERACAOID, FATORPRODID, quantidade, UNIDADEMEDIDA) VALUES (239, 'BIOFERTIL N6', 90.0, 'kg');
INSERT INTO APLICACOES_FATPROD(OPERACAOID, FATORPRODID, quantidade, UNIDADEMEDIDA) VALUES (240, 'EPSO MICROTOP', 5.0, 'kg');
INSERT INTO APLICACOES_FATPROD(OPERACAOID, FATORPRODID, quantidade, UNIDADEMEDIDA) VALUES (266, 'BIOFERTIL N6', 120.0, 'kg');
INSERT INTO APLICACOES_FATPROD(OPERACAOID, FATORPRODID, quantidade, UNIDADEMEDIDA) VALUES (267, 'BIOFERTIL N6', 180.0, 'kg');
INSERT INTO APLICACOES_FATPROD(OPERACAOID, FATORPRODID, quantidade, UNIDADEMEDIDA) VALUES (268, 'BIOFERTIL N6', 120.0, 'kg');
INSERT INTO APLICACOES_FATPROD(OPERACAOID, FATORPRODID, quantidade, UNIDADEMEDIDA) VALUES (269, 'BIOFERTIL N6', 240.0, 'kg');
INSERT INTO APLICACOES_FATPROD(OPERACAOID, FATORPRODID, quantidade, UNIDADEMEDIDA) VALUES (270, 'BIOFERTIL N6', 120.0, 'kg');
INSERT INTO APLICACOES_FATPROD(OPERACAOID, FATORPRODID, quantidade, UNIDADEMEDIDA) VALUES (279, 'BIOCAL COMPOSTO', 500.0, 'kg');
INSERT INTO APLICACOES_FATPROD(OPERACAOID, FATORPRODID, quantidade, UNIDADEMEDIDA) VALUES (287, 'FERTIMAX EXTRUME DE CAVALO', 1800.0, 'kg');

INSERT INTO SEMENTEIRAS(OPERACAOID, quantidade, UNIDADEMEDIDA) VALUES (62, 0.9, 'kg');
INSERT INTO SEMENTEIRAS(OPERACAOID, quantidade, UNIDADEMEDIDA) VALUES (64, 1.2, 'ha');
INSERT INTO SEMENTEIRAS(OPERACAOID, quantidade, UNIDADEMEDIDA) VALUES (67, 0.6, 'kg');
INSERT INTO SEMENTEIRAS(OPERACAOID, quantidade, UNIDADEMEDIDA) VALUES (82, 0.6, 'kg');
INSERT INTO SEMENTEIRAS(OPERACAOID, quantidade, UNIDADEMEDIDA) VALUES (83, 36.0, 'kg');
INSERT INTO SEMENTEIRAS(OPERACAOID, quantidade, UNIDADEMEDIDA) VALUES (84, 1.3, 'ha');
INSERT INTO SEMENTEIRAS(OPERACAOID, quantidade, UNIDADEMEDIDA) VALUES (100, 0.9, 'kg');
INSERT INTO SEMENTEIRAS(OPERACAOID, quantidade, UNIDADEMEDIDA) VALUES (103, 1.2, 'ha');
INSERT INTO SEMENTEIRAS(OPERACAOID, quantidade, UNIDADEMEDIDA) VALUES (104, 30.0, 'kg');
INSERT INTO SEMENTEIRAS(OPERACAOID, quantidade, UNIDADEMEDIDA) VALUES (108, 0.6, 'kg');
INSERT INTO SEMENTEIRAS(OPERACAOID, quantidade, UNIDADEMEDIDA) VALUES (132, 0.6, 'kg');
INSERT INTO SEMENTEIRAS(OPERACAOID, quantidade, UNIDADEMEDIDA) VALUES (134, 36.0, 'un');
INSERT INTO SEMENTEIRAS(OPERACAOID, quantidade, UNIDADEMEDIDA) VALUES (135, 1.3, 'ha');
INSERT INTO SEMENTEIRAS(OPERACAOID, quantidade, UNIDADEMEDIDA) VALUES (152, 0.9, 'kg');
INSERT INTO SEMENTEIRAS(OPERACAOID, quantidade, UNIDADEMEDIDA) VALUES (155, 1.2, 'ha');
INSERT INTO SEMENTEIRAS(OPERACAOID, quantidade, UNIDADEMEDIDA) VALUES (156, 30.0, 'kg');
INSERT INTO SEMENTEIRAS(OPERACAOID, quantidade, UNIDADEMEDIDA) VALUES (160, 0.6, 'kg');
INSERT INTO SEMENTEIRAS(OPERACAOID, quantidade, UNIDADEMEDIDA) VALUES (187, 0.6, 'kg');
INSERT INTO SEMENTEIRAS(OPERACAOID, quantidade, UNIDADEMEDIDA) VALUES (188, 1.3, 'ha');
INSERT INTO SEMENTEIRAS(OPERACAOID, quantidade, UNIDADEMEDIDA) VALUES (280, 1.2, 'kg');
INSERT INTO SEMENTEIRAS(OPERACAOID, quantidade, UNIDADEMEDIDA) VALUES (281, 1.5, 'kg');
INSERT INTO SEMENTEIRAS(OPERACAOID, quantidade, UNIDADEMEDIDA) VALUES (289, 1.2, 'kg');
INSERT INTO SEMENTEIRAS(OPERACAOID, quantidade, UNIDADEMEDIDA) VALUES (297, 32.0, 'kg');

INSERT INTO PLANTACOES(OPERACAOID, quantidade, UNIDADEMEDIDA) VALUES (1, 30.0, 'un');
INSERT INTO PLANTACOES(OPERACAOID, quantidade, UNIDADEMEDIDA) VALUES (2, 20.0, 'un');
INSERT INTO PLANTACOES(OPERACAOID, quantidade, UNIDADEMEDIDA) VALUES (3, 90.0, 'un');
INSERT INTO PLANTACOES(OPERACAOID, quantidade, UNIDADEMEDIDA) VALUES (4, 60.0, 'un');
INSERT INTO PLANTACOES(OPERACAOID, quantidade, UNIDADEMEDIDA) VALUES (5, 40.0, 'un');
INSERT INTO PLANTACOES(OPERACAOID, quantidade, UNIDADEMEDIDA) VALUES (20, 500.0, 'un');
INSERT INTO PLANTACOES(OPERACAOID, quantidade, UNIDADEMEDIDA) VALUES (21, 700.0, 'un');
INSERT INTO PLANTACOES(OPERACAOID, quantidade, UNIDADEMEDIDA) VALUES (37, 30.0, 'un');
INSERT INTO PLANTACOES(OPERACAOID, quantidade, UNIDADEMEDIDA) VALUES (228, 50.0, 'un');
INSERT INTO PLANTACOES(OPERACAOID, quantidade, UNIDADEMEDIDA) VALUES (229, 20.0, 'un');
INSERT INTO PLANTACOES(OPERACAOID, quantidade, UNIDADEMEDIDA) VALUES (230, 40.0, 'un');
INSERT INTO PLANTACOES(OPERACAOID, quantidade, UNIDADEMEDIDA) VALUES (231, 30.0, 'un');
INSERT INTO PLANTACOES(OPERACAOID, quantidade, UNIDADEMEDIDA) VALUES (232, 40.0, 'un');
INSERT INTO PLANTACOES(OPERACAOID, quantidade, UNIDADEMEDIDA) VALUES (233, 50.0, 'un');
INSERT INTO PLANTACOES(OPERACAOID, quantidade, UNIDADEMEDIDA) VALUES (265, 40.0, 'un');

INSERT INTO REGAS(OPERACAOID, quantidade, UNIDADEMEDIDA, SETOR) VALUES (6, 0.4, 'm3', 0);
INSERT INTO REGAS(OPERACAOID, quantidade, UNIDADEMEDIDA, SETOR) VALUES (7, 0.9, 'm3', 0);
INSERT INTO REGAS(OPERACAOID, quantidade, UNIDADEMEDIDA, SETOR) VALUES (8, 3.0, 'm3', 0);
INSERT INTO REGAS(OPERACAOID, quantidade, UNIDADEMEDIDA, SETOR) VALUES (9, 0.4, 'm3', 0);
INSERT INTO REGAS(OPERACAOID, quantidade, UNIDADEMEDIDA, SETOR) VALUES (10, 0.9, 'm3', 0);
INSERT INTO REGAS(OPERACAOID, quantidade, UNIDADEMEDIDA, SETOR) VALUES (11, 3.5, 'm3', 0);
INSERT INTO REGAS(OPERACAOID, quantidade, UNIDADEMEDIDA, SETOR) VALUES (12, 3.0, 'm3', 0);
INSERT INTO REGAS(OPERACAOID, quantidade, UNIDADEMEDIDA, SETOR) VALUES (25, 1.0, 'm3', 0);
INSERT INTO REGAS(OPERACAOID, quantidade, UNIDADEMEDIDA, SETOR) VALUES (26, 1.5, 'm3', 0);
INSERT INTO REGAS(OPERACAOID, quantidade, UNIDADEMEDIDA, SETOR) VALUES (27, 3.5, 'm3', 0);
INSERT INTO REGAS(OPERACAOID, quantidade, UNIDADEMEDIDA, SETOR) VALUES (28, 6.0, 'm3', 0);
INSERT INTO REGAS(OPERACAOID, quantidade, UNIDADEMEDIDA, SETOR) VALUES (29, 1.0, 'm3', 0);
INSERT INTO REGAS(OPERACAOID, quantidade, UNIDADEMEDIDA, SETOR) VALUES (30, 1.5, 'm3', 0);
INSERT INTO REGAS(OPERACAOID, quantidade, UNIDADEMEDIDA, SETOR) VALUES (31, 4.0, 'm3', 0);
INSERT INTO REGAS(OPERACAOID, quantidade, UNIDADEMEDIDA, SETOR) VALUES (32, 7.0, 'm3', 0);
INSERT INTO REGAS(OPERACAOID, quantidade, UNIDADEMEDIDA, SETOR) VALUES (33, 4.0, 'm3', 0);
INSERT INTO REGAS(OPERACAOID, quantidade, UNIDADEMEDIDA, SETOR) VALUES (34, 4.0, 'm3', 0);
INSERT INTO REGAS(OPERACAOID, quantidade, UNIDADEMEDIDA, SETOR) VALUES (48, 1.0, 'm3', 0);
INSERT INTO REGAS(OPERACAOID, quantidade, UNIDADEMEDIDA, SETOR) VALUES (49, 1.5, 'm3', 0);
INSERT INTO REGAS(OPERACAOID, quantidade, UNIDADEMEDIDA, SETOR) VALUES (50, 4.0, 'm3', 0);
INSERT INTO REGAS(OPERACAOID, quantidade, UNIDADEMEDIDA, SETOR) VALUES (51, 6.0, 'm3', 0);
INSERT INTO REGAS(OPERACAOID, quantidade, UNIDADEMEDIDA, SETOR) VALUES (52, 1.0, 'm3', 0);
INSERT INTO REGAS(OPERACAOID, quantidade, UNIDADEMEDIDA, SETOR) VALUES (53, 1.5, 'm3', 0);
INSERT INTO REGAS(OPERACAOID, quantidade, UNIDADEMEDIDA, SETOR) VALUES (54, 4.5, 'm3', 0);
INSERT INTO REGAS(OPERACAOID, quantidade, UNIDADEMEDIDA, SETOR) VALUES (55, 7.0, 'm3', 0);
INSERT INTO REGAS(OPERACAOID, quantidade, UNIDADEMEDIDA, SETOR) VALUES (68, 1.0, 'm3', 0);
INSERT INTO REGAS(OPERACAOID, quantidade, UNIDADEMEDIDA, SETOR) VALUES (69, 1.5, 'm3', 0);
INSERT INTO REGAS(OPERACAOID, quantidade, UNIDADEMEDIDA, SETOR) VALUES (70, 6.0, 'm3', 0);
INSERT INTO REGAS(OPERACAOID, quantidade, UNIDADEMEDIDA, SETOR) VALUES (71, 15.0, 'm3', 0);
INSERT INTO REGAS(OPERACAOID, quantidade, UNIDADEMEDIDA, SETOR) VALUES (72, 2.5, 'm3', 0);
INSERT INTO REGAS(OPERACAOID, quantidade, UNIDADEMEDIDA, SETOR) VALUES (73, 15.0, 'm3', 0);
INSERT INTO REGAS(OPERACAOID, quantidade, UNIDADEMEDIDA, SETOR) VALUES (74, 1.0, 'm3', 0);
INSERT INTO REGAS(OPERACAOID, quantidade, UNIDADEMEDIDA, SETOR) VALUES (75, 1.5, 'm3', 0);
INSERT INTO REGAS(OPERACAOID, quantidade, UNIDADEMEDIDA, SETOR) VALUES (76, 15.0, 'm3', 0);
INSERT INTO REGAS(OPERACAOID, quantidade, UNIDADEMEDIDA, SETOR) VALUES (77, 7.0, 'm3', 0);
INSERT INTO REGAS(OPERACAOID, quantidade, UNIDADEMEDIDA, SETOR) VALUES (78, 3.5, 'm3', 0);
INSERT INTO REGAS(OPERACAOID, quantidade, UNIDADEMEDIDA, SETOR) VALUES (109, 3.0, 'm3', 0);
INSERT INTO REGAS(OPERACAOID, quantidade, UNIDADEMEDIDA, SETOR) VALUES (110, 0.8, 'm3', 0);
INSERT INTO REGAS(OPERACAOID, quantidade, UNIDADEMEDIDA, SETOR) VALUES (111, 1.5, 'm3', 0);
INSERT INTO REGAS(OPERACAOID, quantidade, UNIDADEMEDIDA, SETOR) VALUES (112, 5.0, 'm3', 0);
INSERT INTO REGAS(OPERACAOID, quantidade, UNIDADEMEDIDA, SETOR) VALUES (113, 3.0, 'm3', 0);
INSERT INTO REGAS(OPERACAOID, quantidade, UNIDADEMEDIDA, SETOR) VALUES (114, 7.0, 'm3', 0);
INSERT INTO REGAS(OPERACAOID, quantidade, UNIDADEMEDIDA, SETOR) VALUES (115, 15.0, 'm3', 0);
INSERT INTO REGAS(OPERACAOID, quantidade, UNIDADEMEDIDA, SETOR) VALUES (118, 15.0, 'm3', 0);
INSERT INTO REGAS(OPERACAOID, quantidade, UNIDADEMEDIDA, SETOR) VALUES (119, 5.5, 'm3', 0);
INSERT INTO REGAS(OPERACAOID, quantidade, UNIDADEMEDIDA, SETOR) VALUES (120, 3.5, 'm3', 0);
INSERT INTO REGAS(OPERACAOID, quantidade, UNIDADEMEDIDA, SETOR) VALUES (121, 15.0, 'm3', 0);
INSERT INTO REGAS(OPERACAOID, quantidade, UNIDADEMEDIDA, SETOR) VALUES (122, 0.8, 'm3', 0);
INSERT INTO REGAS(OPERACAOID, quantidade, UNIDADEMEDIDA, SETOR) VALUES (123, 1.5, 'm3', 0);
INSERT INTO REGAS(OPERACAOID, quantidade, UNIDADEMEDIDA, SETOR) VALUES (125, 3.0, 'm3', 0);
INSERT INTO REGAS(OPERACAOID, quantidade, UNIDADEMEDIDA, SETOR) VALUES (161, 3.0, 'm3', 0);
INSERT INTO REGAS(OPERACAOID, quantidade, UNIDADEMEDIDA, SETOR) VALUES (162, 3.0, 'm3', 0);
INSERT INTO REGAS(OPERACAOID, quantidade, UNIDADEMEDIDA, SETOR) VALUES (163, 5.5, 'm3', 0);
INSERT INTO REGAS(OPERACAOID, quantidade, UNIDADEMEDIDA, SETOR) VALUES (164, 0.8, 'm3', 0);
INSERT INTO REGAS(OPERACAOID, quantidade, UNIDADEMEDIDA, SETOR) VALUES (165, 1.5, 'm3', 0);
INSERT INTO REGAS(OPERACAOID, quantidade, UNIDADEMEDIDA, SETOR) VALUES (166, 5.0, 'm3', 0);
INSERT INTO REGAS(OPERACAOID, quantidade, UNIDADEMEDIDA, SETOR) VALUES (167, 15.0, 'm3', 0);
INSERT INTO REGAS(OPERACAOID, quantidade, UNIDADEMEDIDA, SETOR) VALUES (168, 3.0, 'm3', 0);
INSERT INTO REGAS(OPERACAOID, quantidade, UNIDADEMEDIDA, SETOR) VALUES (171, 15.0, 'm3', 0);
INSERT INTO REGAS(OPERACAOID, quantidade, UNIDADEMEDIDA, SETOR) VALUES (172, 5.0, 'm3', 0);
INSERT INTO REGAS(OPERACAOID, quantidade, UNIDADEMEDIDA, SETOR) VALUES (173, 2.5, 'm3', 0);
INSERT INTO REGAS(OPERACAOID, quantidade, UNIDADEMEDIDA, SETOR) VALUES (174, 15.0, 'm3', 0);
INSERT INTO REGAS(OPERACAOID, quantidade, UNIDADEMEDIDA, SETOR) VALUES (175, 0.8, 'm3', 0);
INSERT INTO REGAS(OPERACAOID, quantidade, UNIDADEMEDIDA, SETOR) VALUES (176, 1.5, 'm3', 0);
INSERT INTO REGAS(OPERACAOID, quantidade, UNIDADEMEDIDA, SETOR) VALUES (179, 3.0, 'm3', 0);
INSERT INTO REGAS(OPERACAOID, quantidade, UNIDADEMEDIDA, SETOR) VALUES (208, 120.0, 'min', 21);
INSERT INTO REGAS(OPERACAOID, quantidade, UNIDADEMEDIDA, SETOR) VALUES (209, 120.0, 'min', 21);
INSERT INTO REGAS(OPERACAOID, quantidade, UNIDADEMEDIDA, SETOR) VALUES (210, 120.0, 'min', 21);
INSERT INTO REGAS(OPERACAOID, quantidade, UNIDADEMEDIDA, SETOR) VALUES (211, 120.0, 'min', 21);
INSERT INTO REGAS(OPERACAOID, quantidade, UNIDADEMEDIDA, SETOR) VALUES (212, 180.0, 'min', 21);
INSERT INTO REGAS(OPERACAOID, quantidade, UNIDADEMEDIDA, SETOR) VALUES (213, 180.0, 'min', 21);
INSERT INTO REGAS(OPERACAOID, quantidade, UNIDADEMEDIDA, SETOR) VALUES (214, 180.0, 'min', 21);
INSERT INTO REGAS(OPERACAOID, quantidade, UNIDADEMEDIDA, SETOR) VALUES (215, 180.0, 'min', 21);
INSERT INTO REGAS(OPERACAOID, quantidade, UNIDADEMEDIDA, SETOR) VALUES (216, 150.0, 'min', 21);
INSERT INTO REGAS(OPERACAOID, quantidade, UNIDADEMEDIDA, SETOR) VALUES (217, 150.0, 'min', 21);
INSERT INTO REGAS(OPERACAOID, quantidade, UNIDADEMEDIDA, SETOR) VALUES (218, 150.0, 'min', 21);
INSERT INTO REGAS(OPERACAOID, quantidade, UNIDADEMEDIDA, SETOR) VALUES (219, 120.0, 'min', 21);
INSERT INTO REGAS(OPERACAOID, quantidade, UNIDADEMEDIDA, SETOR) VALUES (220, 120.0, 'min', 21);
INSERT INTO REGAS(OPERACAOID, quantidade, UNIDADEMEDIDA, SETOR) VALUES (221, 120.0, 'min', 21);
INSERT INTO REGAS(OPERACAOID, quantidade, UNIDADEMEDIDA, SETOR) VALUES (222, 120.0, 'min', 21);
INSERT INTO REGAS(OPERACAOID, quantidade, UNIDADEMEDIDA, SETOR) VALUES (250, 120.0, 'min', 22);
INSERT INTO REGAS(OPERACAOID, quantidade, UNIDADEMEDIDA, SETOR) VALUES (251, 120.0, 'min', 22);
INSERT INTO REGAS(OPERACAOID, quantidade, UNIDADEMEDIDA, SETOR) VALUES (252, 120.0, 'min', 22);
INSERT INTO REGAS(OPERACAOID, quantidade, UNIDADEMEDIDA, SETOR) VALUES (253, 120.0, 'min', 22);
INSERT INTO REGAS(OPERACAOID, quantidade, UNIDADEMEDIDA, SETOR) VALUES (254, 180.0, 'min', 22);
INSERT INTO REGAS(OPERACAOID, quantidade, UNIDADEMEDIDA, SETOR) VALUES (255, 180.0, 'min', 22);
INSERT INTO REGAS(OPERACAOID, quantidade, UNIDADEMEDIDA, SETOR) VALUES (256, 180.0, 'min', 22);
INSERT INTO REGAS(OPERACAOID, quantidade, UNIDADEMEDIDA, SETOR) VALUES (257, 180.0, 'min', 22);
INSERT INTO REGAS(OPERACAOID, quantidade, UNIDADEMEDIDA, SETOR) VALUES (258, 150.0, 'min', 22);
INSERT INTO REGAS(OPERACAOID, quantidade, UNIDADEMEDIDA, SETOR) VALUES (259, 150.0, 'min', 22);
INSERT INTO REGAS(OPERACAOID, quantidade, UNIDADEMEDIDA, SETOR) VALUES (260, 150.0, 'min', 22);
INSERT INTO REGAS(OPERACAOID, quantidade, UNIDADEMEDIDA, SETOR) VALUES (261, 120.0, 'min', 22);
INSERT INTO REGAS(OPERACAOID, quantidade, UNIDADEMEDIDA, SETOR) VALUES (262, 120.0, 'min', 22);
INSERT INTO REGAS(OPERACAOID, quantidade, UNIDADEMEDIDA, SETOR) VALUES (263, 120.0, 'min', 22);
INSERT INTO REGAS(OPERACAOID, quantidade, UNIDADEMEDIDA, SETOR) VALUES (264, 120.0, 'min', 22);
INSERT INTO REGAS(OPERACAOID, quantidade, UNIDADEMEDIDA, SETOR) VALUES (274, 60.0, 'min', 10);
INSERT INTO REGAS(OPERACAOID, quantidade, UNIDADEMEDIDA, SETOR) VALUES (275, 120.0, 'min', 10);
INSERT INTO REGAS(OPERACAOID, quantidade, UNIDADEMEDIDA, SETOR) VALUES (276, 180.0, 'min', 10);
INSERT INTO REGAS(OPERACAOID, quantidade, UNIDADEMEDIDA, SETOR) VALUES (277, 120.0, 'min', 10);
INSERT INTO REGAS(OPERACAOID, quantidade, UNIDADEMEDIDA, SETOR) VALUES (278, 60.0, 'min', 10);
INSERT INTO REGAS(OPERACAOID, quantidade, UNIDADEMEDIDA, SETOR) VALUES (298, 60.0, 'min', 42);
INSERT INTO REGAS(OPERACAOID, quantidade, UNIDADEMEDIDA, SETOR) VALUES (299, 60.0, 'min', 42);
INSERT INTO REGAS(OPERACAOID, quantidade, UNIDADEMEDIDA, SETOR) VALUES (300, 120.0, 'min', 42);
INSERT INTO REGAS(OPERACAOID, quantidade, UNIDADEMEDIDA, SETOR) VALUES (301, 120.0, 'min', 42);
INSERT INTO REGAS(OPERACAOID, quantidade, UNIDADEMEDIDA, SETOR) VALUES (302, 120.0, 'min', 42);
INSERT INTO REGAS(OPERACAOID, quantidade, UNIDADEMEDIDA, SETOR) VALUES (303, 150.0, 'min', 42);
INSERT INTO REGAS(OPERACAOID, quantidade, UNIDADEMEDIDA, SETOR) VALUES (304, 150.0, 'min', 42);
INSERT INTO REGAS(OPERACAOID, quantidade, UNIDADEMEDIDA, SETOR) VALUES (305, 120.0, 'min', 42);
INSERT INTO REGAS(OPERACAOID, quantidade, UNIDADEMEDIDA, SETOR) VALUES (306, 120.0, 'min', 42);
INSERT INTO REGAS(OPERACAOID, quantidade, UNIDADEMEDIDA, SETOR) VALUES (307, 120.0, 'min', 42);
INSERT INTO REGAS(OPERACAOID, quantidade, UNIDADEMEDIDA, SETOR) VALUES (308, 120.0, 'min', 42);
INSERT INTO REGAS(OPERACAOID, quantidade, UNIDADEMEDIDA, SETOR) VALUES (309, 120.0, 'min', 42);
INSERT INTO REGAS(OPERACAOID, quantidade, UNIDADEMEDIDA, SETOR) VALUES (310, 120.0, 'min', 42);
INSERT INTO REGAS(OPERACAOID, quantidade, UNIDADEMEDIDA, SETOR) VALUES (311, 120.0, 'min', 41);
INSERT INTO REGAS(OPERACAOID, quantidade, UNIDADEMEDIDA, SETOR) VALUES (312, 120.0, 'min', 41);
INSERT INTO REGAS(OPERACAOID, quantidade, UNIDADEMEDIDA, SETOR) VALUES (313, 120.0, 'min', 41);
INSERT INTO REGAS(OPERACAOID, quantidade, UNIDADEMEDIDA, SETOR) VALUES (314, 120.0, 'min', 41);
INSERT INTO REGAS(OPERACAOID, quantidade, UNIDADEMEDIDA, SETOR) VALUES (315, 120.0, 'min', 41);
INSERT INTO REGAS(OPERACAOID, quantidade, UNIDADEMEDIDA, SETOR) VALUES (316, 120.0, 'min', 41);
INSERT INTO REGAS(OPERACAOID, quantidade, UNIDADEMEDIDA, SETOR) VALUES (317, 120.0, 'min', 41);
INSERT INTO REGAS(OPERACAOID, quantidade, UNIDADEMEDIDA, SETOR) VALUES (318, 120.0, 'min', 41);
INSERT INTO REGAS(OPERACAOID, quantidade, UNIDADEMEDIDA, SETOR) VALUES (319, 120.0, 'min', 41);
INSERT INTO REGAS(OPERACAOID, quantidade, UNIDADEMEDIDA, SETOR) VALUES (320, 120.0, 'min', 41);
INSERT INTO REGAS(OPERACAOID, quantidade, UNIDADEMEDIDA, SETOR) VALUES (321, 120.0, 'min', 41);
INSERT INTO REGAS(OPERACAOID, quantidade, UNIDADEMEDIDA, SETOR) VALUES (322, 120.0, 'min', 41);
INSERT INTO REGAS(OPERACAOID, quantidade, UNIDADEMEDIDA, SETOR) VALUES (323, 120.0, 'min', 41);

INSERT INTO PODAS(OPERACAOID, quantidade, UNIDADEMEDIDA) VALUES (13, 30.0, 'un');
INSERT INTO PODAS(OPERACAOID, quantidade, UNIDADEMEDIDA) VALUES (14, 20.0, 'un');
INSERT INTO PODAS(OPERACAOID, quantidade, UNIDADEMEDIDA) VALUES (17, 90.0, 'un');
INSERT INTO PODAS(OPERACAOID, quantidade, UNIDADEMEDIDA) VALUES (18, 60.0, 'un');
INSERT INTO PODAS(OPERACAOID, quantidade, UNIDADEMEDIDA) VALUES (19, 40.0, 'un');
INSERT INTO PODAS(OPERACAOID, quantidade, UNIDADEMEDIDA) VALUES (35, 30.0, 'un');
INSERT INTO PODAS(OPERACAOID, quantidade, UNIDADEMEDIDA) VALUES (36, 20.0, 'un');
INSERT INTO PODAS(OPERACAOID, quantidade, UNIDADEMEDIDA) VALUES (38, 500.0, 'un');
INSERT INTO PODAS(OPERACAOID, quantidade, UNIDADEMEDIDA) VALUES (39, 700.0, 'un');
INSERT INTO PODAS(OPERACAOID, quantidade, UNIDADEMEDIDA) VALUES (40, 90.0, 'un');
INSERT INTO PODAS(OPERACAOID, quantidade, UNIDADEMEDIDA) VALUES (41, 60.0, 'un');
INSERT INTO PODAS(OPERACAOID, quantidade, UNIDADEMEDIDA) VALUES (42, 40.0, 'un');
INSERT INTO PODAS(OPERACAOID, quantidade, UNIDADEMEDIDA) VALUES (56, 30.0, 'un');
INSERT INTO PODAS(OPERACAOID, quantidade, UNIDADEMEDIDA) VALUES (57, 20.0, 'un');
INSERT INTO PODAS(OPERACAOID, quantidade, UNIDADEMEDIDA) VALUES (58, 500.0, 'un');
INSERT INTO PODAS(OPERACAOID, quantidade, UNIDADEMEDIDA) VALUES (59, 700.0, 'un');
INSERT INTO PODAS(OPERACAOID, quantidade, UNIDADEMEDIDA) VALUES (85, 30.0, 'un');
INSERT INTO PODAS(OPERACAOID, quantidade, UNIDADEMEDIDA) VALUES (86, 20.0, 'un');
INSERT INTO PODAS(OPERACAOID, quantidade, UNIDADEMEDIDA) VALUES (88, 70.0, 'un');
INSERT INTO PODAS(OPERACAOID, quantidade, UNIDADEMEDIDA) VALUES (89, 50.0, 'un');
INSERT INTO PODAS(OPERACAOID, quantidade, UNIDADEMEDIDA) VALUES (92, 40.0, 'un');
INSERT INTO PODAS(OPERACAOID, quantidade, UNIDADEMEDIDA) VALUES (93, 60.0, 'un');
INSERT INTO PODAS(OPERACAOID, quantidade, UNIDADEMEDIDA) VALUES (94, 500.0, 'un');
INSERT INTO PODAS(OPERACAOID, quantidade, UNIDADEMEDIDA) VALUES (96, 700.0, 'un');
INSERT INTO PODAS(OPERACAOID, quantidade, UNIDADEMEDIDA) VALUES (141, 30.0, 'un');
INSERT INTO PODAS(OPERACAOID, quantidade, UNIDADEMEDIDA) VALUES (142, 20.0, 'un');
INSERT INTO PODAS(OPERACAOID, quantidade, UNIDADEMEDIDA) VALUES (143, 70.0, 'un');
INSERT INTO PODAS(OPERACAOID, quantidade, UNIDADEMEDIDA) VALUES (144, 90.0, 'un');
INSERT INTO PODAS(OPERACAOID, quantidade, UNIDADEMEDIDA) VALUES (145, 500.0, 'un');
INSERT INTO PODAS(OPERACAOID, quantidade, UNIDADEMEDIDA) VALUES (146, 60.0, 'un');
INSERT INTO PODAS(OPERACAOID, quantidade, UNIDADEMEDIDA) VALUES (148, 700.0, 'un');
INSERT INTO PODAS(OPERACAOID, quantidade, UNIDADEMEDIDA) VALUES (191, 30.0, 'un');
INSERT INTO PODAS(OPERACAOID, quantidade, UNIDADEMEDIDA) VALUES (192, 20.0, 'un');
INSERT INTO PODAS(OPERACAOID, quantidade, UNIDADEMEDIDA) VALUES (196, 70.0, 'un');
INSERT INTO PODAS(OPERACAOID, quantidade, UNIDADEMEDIDA) VALUES (197, 90.0, 'un');
INSERT INTO PODAS(OPERACAOID, quantidade, UNIDADEMEDIDA) VALUES (200, 500.0, 'un');
INSERT INTO PODAS(OPERACAOID, quantidade, UNIDADEMEDIDA) VALUES (202, 700.0, 'un');
INSERT INTO PODAS(OPERACAOID, quantidade, UNIDADEMEDIDA) VALUES (203, 60.0, 'un');

INSERT INTO INCORPS_SOLO(OPERACAOID, quantidade, UNIDADEMEDIDA) VALUES (101, 1.3, 'ha');
INSERT INTO INCORPS_SOLO(OPERACAOID, quantidade, UNIDADEMEDIDA) VALUES (102, 1.3, 'ha');
INSERT INTO INCORPS_SOLO(OPERACAOID, quantidade, UNIDADEMEDIDA) VALUES (153, 1.3, 'ha');
INSERT INTO INCORPS_SOLO(OPERACAOID, quantidade, UNIDADEMEDIDA) VALUES (154, 1.3, 'ha');
INSERT INTO INCORPS_SOLO(OPERACAOID, quantidade, UNIDADEMEDIDA) VALUES (207, 1.3, 'ha');

INSERT INTO COLHEITAS(OPERACAOID, quantidade, UNIDADEMEDIDA) VALUES (65, 2200.0, 'kg');
INSERT INTO COLHEITAS(OPERACAOID, quantidade, UNIDADEMEDIDA) VALUES (66, 1400.0, 'kg');
INSERT INTO COLHEITAS(OPERACAOID, quantidade, UNIDADEMEDIDA) VALUES (79, 3300.0, 'kg');
INSERT INTO COLHEITAS(OPERACAOID, quantidade, UNIDADEMEDIDA) VALUES (80, 600.0, 'kg');
INSERT INTO COLHEITAS(OPERACAOID, quantidade, UNIDADEMEDIDA) VALUES (81, 1800.0, 'kg');
INSERT INTO COLHEITAS(OPERACAOID, quantidade, UNIDADEMEDIDA) VALUES (87, 600.0, 'kg');
INSERT INTO COLHEITAS(OPERACAOID, quantidade, UNIDADEMEDIDA) VALUES (95, 2500.0, 'kg');
INSERT INTO COLHEITAS(OPERACAOID, quantidade, UNIDADEMEDIDA) VALUES (97, 2900.0, 'kg');
INSERT INTO COLHEITAS(OPERACAOID, quantidade, UNIDADEMEDIDA) VALUES (106, 2200.0, 'kg');
INSERT INTO COLHEITAS(OPERACAOID, quantidade, UNIDADEMEDIDA) VALUES (107, 1400.0, 'kg');
INSERT INTO COLHEITAS(OPERACAOID, quantidade, UNIDADEMEDIDA) VALUES (116, 300.0, 'kg');
INSERT INTO COLHEITAS(OPERACAOID, quantidade, UNIDADEMEDIDA) VALUES (117, 400.0, 'kg');
INSERT INTO COLHEITAS(OPERACAOID, quantidade, UNIDADEMEDIDA) VALUES (124, 3300.0, 'kg');
INSERT INTO COLHEITAS(OPERACAOID, quantidade, UNIDADEMEDIDA) VALUES (126, 900.0, 'kg');
INSERT INTO COLHEITAS(OPERACAOID, quantidade, UNIDADEMEDIDA) VALUES (127, 3300.0, 'kg');
INSERT INTO COLHEITAS(OPERACAOID, quantidade, UNIDADEMEDIDA) VALUES (128, 600.0, 'kg');
INSERT INTO COLHEITAS(OPERACAOID, quantidade, UNIDADEMEDIDA) VALUES (129, 800.0, 'kg');
INSERT INTO COLHEITAS(OPERACAOID, quantidade, UNIDADEMEDIDA) VALUES (130, 1800.0, 'kg');
INSERT INTO COLHEITAS(OPERACAOID, quantidade, UNIDADEMEDIDA) VALUES (131, 800.0, 'kg');
INSERT INTO COLHEITAS(OPERACAOID, quantidade, UNIDADEMEDIDA) VALUES (133, 1200.0, 'kg');
INSERT INTO COLHEITAS(OPERACAOID, quantidade, UNIDADEMEDIDA) VALUES (136, 950.0, 'kg');
INSERT INTO COLHEITAS(OPERACAOID, quantidade, UNIDADEMEDIDA) VALUES (137, 750.0, 'kg');
INSERT INTO COLHEITAS(OPERACAOID, quantidade, UNIDADEMEDIDA) VALUES (138, 210.0, 'kg');
INSERT INTO COLHEITAS(OPERACAOID, quantidade, UNIDADEMEDIDA) VALUES (139, 120.0, 'kg');
INSERT INTO COLHEITAS(OPERACAOID, quantidade, UNIDADEMEDIDA) VALUES (140, 600.0, 'kg');
INSERT INTO COLHEITAS(OPERACAOID, quantidade, UNIDADEMEDIDA) VALUES (147, 2500.0, 'kg');
INSERT INTO COLHEITAS(OPERACAOID, quantidade, UNIDADEMEDIDA) VALUES (149, 2900.0, 'kg');
INSERT INTO COLHEITAS(OPERACAOID, quantidade, UNIDADEMEDIDA) VALUES (157, 2250.0, 'kg');
INSERT INTO COLHEITAS(OPERACAOID, quantidade, UNIDADEMEDIDA) VALUES (159, 1300.0, 'kg');
INSERT INTO COLHEITAS(OPERACAOID, quantidade, UNIDADEMEDIDA) VALUES (169, 600.0, 'kg');
INSERT INTO COLHEITAS(OPERACAOID, quantidade, UNIDADEMEDIDA) VALUES (170, 500.0, 'kg');
INSERT INTO COLHEITAS(OPERACAOID, quantidade, UNIDADEMEDIDA) VALUES (177, 1200.0, 'kg');
INSERT INTO COLHEITAS(OPERACAOID, quantidade, UNIDADEMEDIDA) VALUES (178, 3500.0, 'kg');
INSERT INTO COLHEITAS(OPERACAOID, quantidade, UNIDADEMEDIDA) VALUES (180, 3300.0, 'kg');
INSERT INTO COLHEITAS(OPERACAOID, quantidade, UNIDADEMEDIDA) VALUES (181, 950.0, 'kg');
INSERT INTO COLHEITAS(OPERACAOID, quantidade, UNIDADEMEDIDA) VALUES (182, 650.0, 'kg');
INSERT INTO COLHEITAS(OPERACAOID, quantidade, UNIDADEMEDIDA) VALUES (183, 1900.0, 'kg');
INSERT INTO COLHEITAS(OPERACAOID, quantidade, UNIDADEMEDIDA) VALUES (184, 830.0, 'kg');
INSERT INTO COLHEITAS(OPERACAOID, quantidade, UNIDADEMEDIDA) VALUES (185, 750.0, 'kg');
INSERT INTO COLHEITAS(OPERACAOID, quantidade, UNIDADEMEDIDA) VALUES (186, 1150.0, 'kg');
INSERT INTO COLHEITAS(OPERACAOID, quantidade, UNIDADEMEDIDA) VALUES (189, 850.0, 'kg');
INSERT INTO COLHEITAS(OPERACAOID, quantidade, UNIDADEMEDIDA) VALUES (190, 900.0, 'kg');
INSERT INTO COLHEITAS(OPERACAOID, quantidade, UNIDADEMEDIDA) VALUES (193, 300.0, 'kg');
INSERT INTO COLHEITAS(OPERACAOID, quantidade, UNIDADEMEDIDA) VALUES (194, 200.0, 'kg');
INSERT INTO COLHEITAS(OPERACAOID, quantidade, UNIDADEMEDIDA) VALUES (195, 50.0, 'kg');
INSERT INTO COLHEITAS(OPERACAOID, quantidade, UNIDADEMEDIDA) VALUES (201, 200.0, 'kg');
INSERT INTO COLHEITAS(OPERACAOID, quantidade, UNIDADEMEDIDA) VALUES (204, 250.0, 'kg');
INSERT INTO COLHEITAS(OPERACAOID, quantidade, UNIDADEMEDIDA) VALUES (222, 700.0, 'kg');
INSERT INTO COLHEITAS(OPERACAOID, quantidade, UNIDADEMEDIDA) VALUES (223, 900.0, 'kg');
INSERT INTO COLHEITAS(OPERACAOID, quantidade, UNIDADEMEDIDA) VALUES (224, 900.0, 'kg');
INSERT INTO COLHEITAS(OPERACAOID, quantidade, UNIDADEMEDIDA) VALUES (225, 950.0, 'kg');
INSERT INTO COLHEITAS(OPERACAOID, quantidade, UNIDADEMEDIDA) VALUES (226, 800.0, 'kg');
INSERT INTO COLHEITAS(OPERACAOID, quantidade, UNIDADEMEDIDA) VALUES (241, 700.0, 'kg');
INSERT INTO COLHEITAS(OPERACAOID, quantidade, UNIDADEMEDIDA) VALUES (242, 600.0, 'kg');
INSERT INTO COLHEITAS(OPERACAOID, quantidade, UNIDADEMEDIDA) VALUES (243, 700.0, 'kg');
INSERT INTO COLHEITAS(OPERACAOID, quantidade, UNIDADEMEDIDA) VALUES (244, 600.0, 'kg');
INSERT INTO COLHEITAS(OPERACAOID, quantidade, UNIDADEMEDIDA) VALUES (245, 700.0, 'kg');
INSERT INTO COLHEITAS(OPERACAOID, quantidade, UNIDADEMEDIDA) VALUES (246, 1200.0, 'kg');
INSERT INTO COLHEITAS(OPERACAOID, quantidade, UNIDADEMEDIDA) VALUES (247, 700.0, 'kg');
INSERT INTO COLHEITAS(OPERACAOID, quantidade, UNIDADEMEDIDA) VALUES (248, 700.0, 'kg');
INSERT INTO COLHEITAS(OPERACAOID, quantidade, UNIDADEMEDIDA) VALUES (249, 800.0, 'kg');
INSERT INTO COLHEITAS(OPERACAOID, quantidade, UNIDADEMEDIDA) VALUES (271, 400.0, 'kg');
INSERT INTO COLHEITAS(OPERACAOID, quantidade, UNIDADEMEDIDA) VALUES (272, 300.0, 'kg');
INSERT INTO COLHEITAS(OPERACAOID, quantidade, UNIDADEMEDIDA) VALUES (273, 350.0, 'kg');
INSERT INTO COLHEITAS(OPERACAOID, quantidade, UNIDADEMEDIDA) VALUES (284, 1500.0, 'kg');
INSERT INTO COLHEITAS(OPERACAOID, quantidade, UNIDADEMEDIDA) VALUES (286, 2500.0, 'kg');
INSERT INTO COLHEITAS(OPERACAOID, quantidade, UNIDADEMEDIDA) VALUES (291, 8000.0, 'kg');
INSERT INTO COLHEITAS(OPERACAOID, quantidade, UNIDADEMEDIDA) VALUES (292, 5000.0, 'kg');
INSERT INTO COLHEITAS(OPERACAOID, quantidade, UNIDADEMEDIDA) VALUES (293, 900.0, 'kg');
INSERT INTO COLHEITAS(OPERACAOID, quantidade, UNIDADEMEDIDA) VALUES (294, 1500.0, 'kg');
INSERT INTO COLHEITAS(OPERACAOID, quantidade, UNIDADEMEDIDA) VALUES (295, 1200.0, 'kg');

INSERT INTO MONDAS(OPERACAOID, quantidade, UNIDADEMEDIDA) VALUES (282, 0.5, 'ha');
INSERT INTO MONDAS(OPERACAOID, quantidade, UNIDADEMEDIDA) VALUES (283, 0.6, 'ha');
INSERT INTO MONDAS(OPERACAOID, quantidade, UNIDADEMEDIDA) VALUES (285, 0.6, 'ha');
INSERT INTO MONDAS(OPERACAOID, quantidade, UNIDADEMEDIDA) VALUES (290, 0.5, 'ha');

INSERT INTO MOBILIZACOES_SOLO(OPERACAOID, quantidade, UNIDADEMEDIDA) VALUES (288, 0.5, 'ha');
INSERT INTO MOBILIZACOES_SOLO(OPERACAOID, quantidade, UNIDADEMEDIDA) VALUES (296, 1.1, 'ha');
